"gene2","gene1","row","column","cor","num_obs","Gene_1","Gene_2"
"YBR196C-A","YBR049C","chr2_334386","chr2_614024",0.558626304700613,1986,"REB1","YBR196C-A"
"YBR196C-A","YBR160W","chr2_560078","chr2_614024",0.725917800336249,1986,"CDC28","YBR196C-A"
"YCR084C","YBR196C-A","chr2_614024","chr3_260311",0.59528472924338,1983,"YBR196C-A","TUP1"
"YDL005C","YBR196C-A","chr2_614024","chr4_441014",0.480773950638478,1986,"YBR196C-A","MED2"
"YDR141C","YBR049C","chr2_334386","chr4_734901",0.720475369155519,3916,"REB1","DOP1"
"YDR141C","YBR196C-A","chr2_614024","chr4_734901",0.671205655063221,1986,"YBR196C-A","DOP1"
"YDR170C","YDR141C","chr4_734901","chr4_796193",0.935037849878044,3916,"DOP1","SEC7"
"YDR170C","YBR049C","chr2_334386","chr4_796193",0.788275415466714,3916,"REB1","SEC7"
"YDR170C","YBR196C-A","chr2_614024","chr4_796193",0.647663630640692,1986,"YBR196C-A","SEC7"
"YDR238C","YBR049C","chr2_334386","chr4_937895",0.799495786758805,3916,"REB1","SEC26"
"YDR238C","YDR141C","chr4_734901","chr4_937895",0.885475892553233,3916,"DOP1","SEC26"
"YDR238C","YDR170C","chr4_796193","chr4_937895",0.783547672385322,3916,"SEC7","SEC26"
"YDR238C","YBR196C-A","chr2_614024","chr4_937895",0.758662933100924,1986,"YBR196C-A","SEC26"
"YDR259C","YBR196C-A","chr2_614024","chr4_974631",0.596950485461823,1982,"YBR196C-A","YAP6"
"YDR392W","YBR196C-A","chr2_614024","chr4_1258696",0.620460879617325,1986,"YBR196C-A","SPT3"
"YDR395W","YDR141C","chr4_734901","chr4_1263324",0.775396915754829,3916,"DOP1","SXM1"
"YDR395W","YDR170C","chr4_796193","chr4_1263324",0.827655528050692,3916,"SEC7","SXM1"
"YDR395W","YBR049C","chr2_334386","chr4_1263324",0.656149322918391,3916,"REB1","SXM1"
"YDR395W","YBR196C-A","chr2_614024","chr4_1263324",0.623775255493611,1986,"YBR196C-A","SXM1"
"YDR395W","YDR238C","chr4_937895","chr4_1263324",0.871047861029496,3916,"SEC26","SXM1"
"YDR463W","YDR141C","chr4_734901","chr4_1386642",0.455853534108854,3916,"DOP1","STP1"
"YDR463W","YDR238C","chr4_937895","chr4_1386642",0.481432079074815,3916,"SEC26","STP1"
"YDR463W","YBR196C-A","chr2_614024","chr4_1386642",0.544500941760677,1986,"YBR196C-A","STP1"
"YDR463W","YBR049C","chr2_334386","chr4_1386642",0.687502475495341,3916,"REB1","STP1"
"YDR463W","YDR170C","chr4_796193","chr4_1386642",0.457976676059785,3916,"SEC7","STP1"
"YDR463W","YDR395W","chr4_1263324","chr4_1386642",0.275977990237838,3916,"SXM1","STP1"
"YEL009C","YDR170C","chr4_796193","chr5_138918",0.244536198874689,3916,"SEC7","GCN4"
"YEL009C","YBR196C-A","chr2_614024","chr5_138918",0.817232130257376,1986,"YBR196C-A","GCN4"
"YEL009C","YDR463W","chr4_1386642","chr5_138918",0.392775481054552,3916,"STP1","GCN4"
"YEL009C","YDR141C","chr4_734901","chr5_138918",0.425192170234985,3916,"DOP1","GCN4"
"YEL009C","YDR238C","chr4_937895","chr5_138918",0.481968624845496,3916,"SEC26","GCN4"
"YEL009C","YBR049C","chr2_334386","chr5_138918",0.346606288403985,3916,"REB1","GCN4"
"YEL009C","YDR395W","chr4_1263324","chr5_138918",0.425476768603233,3916,"SXM1","GCN4"
"YER110C","YDR395W","chr4_1263324","chr5_378762",0.878477110956131,3916,"SXM1","KAP123"
"YER110C","YEL009C","chr5_138918","chr5_378762",0.314861282405431,3916,"GCN4","KAP123"
"YER110C","YDR141C","chr4_734901","chr5_378762",0.65189381364494,3916,"DOP1","KAP123"
"YER110C","YBR196C-A","chr2_614024","chr5_378762",0.626787810811941,1986,"YBR196C-A","KAP123"
"YER110C","YBR049C","chr2_334386","chr5_378762",0.545880098033915,3916,"REB1","KAP123"
"YER110C","YDR238C","chr4_937895","chr5_378762",0.681826570256797,3916,"SEC26","KAP123"
"YER110C","YDR170C","chr4_796193","chr5_378762",0.693219315111697,3916,"SEC7","KAP123"
"YER110C","YDR463W","chr4_1386642","chr5_378762",0.18359634375242,3916,"STP1","KAP123"
"YER159C","YBR196C-A","chr2_614024","chr5_491530",0.439901029060301,1985,"YBR196C-A","BUR6"
"YGL016W","YBR196C-A","chr2_614024","chr7_461666",0.644777008629212,1986,"YBR196C-A","KAP122"
"YGL016W","YDR238C","chr4_937895","chr7_461666",0.869413387194148,3916,"SEC26","KAP122"
"YGL016W","YER110C","chr5_378762","chr7_461666",0.894861359761968,3916,"KAP123","KAP122"
"YGL016W","YDR141C","chr4_734901","chr7_461666",0.78887846824916,3916,"DOP1","KAP122"
"YGL016W","YDR463W","chr4_1386642","chr7_461666",0.169900246368281,3916,"STP1","KAP122"
"YGL016W","YDR170C","chr4_796193","chr7_461666",0.882484551868772,3916,"SEC7","KAP122"
"YGL016W","YEL009C","chr5_138918","chr7_461666",0.412254379446252,3916,"GCN4","KAP122"
"YGL016W","YBR049C","chr2_334386","chr7_461666",0.577045304599386,3916,"REB1","KAP122"
"YGL016W","YDR395W","chr4_1263324","chr7_461666",0.92163360642375,3916,"SXM1","KAP122"
"YGL073W","YDR395W","chr4_1263324","chr7_368753",0.276323090265934,3914,"SXM1","HSF1"
"YGL073W","YER110C","chr5_378762","chr7_368753",0.12798068144956,3914,"KAP123","HSF1"
"YGL073W","YBR196C-A","chr2_614024","chr7_368753",0.580270401381723,1986,"YBR196C-A","HSF1"
"YGL073W","YBR049C","chr2_334386","chr7_368753",0.680164895250016,3914,"REB1","HSF1"
"YGL073W","YDR463W","chr4_1386642","chr7_368753",0.872578424950933,3914,"STP1","HSF1"
"YGL073W","YEL009C","chr5_138918","chr7_368753",0.449432335000614,3914,"GCN4","HSF1"
"YGL073W","YDR141C","chr4_734901","chr7_368753",0.497067806130129,3914,"DOP1","HSF1"
"YGL073W","YGL016W","chr7_461666","chr7_368753",0.17222477380625,3914,"KAP122","HSF1"
"YGL073W","YDR170C","chr4_796193","chr7_368753",0.467071836319601,3914,"SEC7","HSF1"
"YGL073W","YDR238C","chr4_937895","chr7_368753",0.569389713658427,3914,"SEC26","HSF1"
"YGL195W","YDR238C","chr4_937895","chr7_131525",0.75548548352466,3916,"SEC26","GCN1"
"YGL195W","YBR049C","chr2_334386","chr7_131525",0.601987094542511,3916,"REB1","GCN1"
"YGL195W","YBR196C-A","chr2_614024","chr7_131525",0.647521195770991,1986,"YBR196C-A","GCN1"
"YGL195W","YGL073W","chr7_368753","chr7_131525",0.251548808045731,3914,"HSF1","GCN1"
"YGL195W","YDR170C","chr4_796193","chr7_131525",0.810902810647662,3916,"SEC7","GCN1"
"YGL195W","YER110C","chr5_378762","chr7_131525",0.779562523168916,3916,"KAP123","GCN1"
"YGL195W","YGL016W","chr7_461666","chr7_131525",0.923815652996947,3916,"KAP122","GCN1"
"YGL195W","YEL009C","chr5_138918","chr7_131525",0.31262963140162,3916,"GCN4","GCN1"
"YGL195W","YDR395W","chr4_1263324","chr7_131525",0.852115098025175,3916,"SXM1","GCN1"
"YGL195W","YDR141C","chr4_734901","chr7_131525",0.850193109222998,3916,"DOP1","GCN1"
"YGL195W","YDR463W","chr4_1386642","chr7_131525",0.218120333921676,3916,"STP1","GCN1"
"YGR252W","YBR196C-A","chr2_614024","chr7_996869",0.583482374482656,1986,"YBR196C-A","GCN5"
"YHR027C","YGL016W","chr7_461666","chr8_161730",0.725739450010297,3916,"KAP122","RPN1"
"YHR027C","YDR170C","chr4_796193","chr8_161730",0.742120099954491,3916,"SEC7","RPN1"
"YHR027C","YEL009C","chr5_138918","chr8_161730",0.382133636245404,3916,"GCN4","RPN1"
"YHR027C","YBR049C","chr2_334386","chr8_161730",0.842384591212992,3916,"REB1","RPN1"
"YHR027C","YGL195W","chr7_131525","chr8_161730",0.624878716781865,3916,"GCN1","RPN1"
"YHR027C","YBR196C-A","chr2_614024","chr8_161730",0.706887487299289,1986,"YBR196C-A","RPN1"
"YHR027C","YDR395W","chr4_1263324","chr8_161730",0.709339494098078,3916,"SXM1","RPN1"
"YHR027C","YDR463W","chr4_1386642","chr8_161730",0.707253163644805,3916,"STP1","RPN1"
"YHR027C","YDR238C","chr4_937895","chr8_161730",0.787605477855279,3916,"SEC26","RPN1"
"YHR027C","YGL073W","chr7_368753","chr8_161730",0.745503827949362,3914,"HSF1","RPN1"
"YHR027C","YDR141C","chr4_734901","chr8_161730",0.864810235912796,3916,"DOP1","RPN1"
"YHR027C","YER110C","chr5_378762","chr8_161730",0.495854864798351,3916,"KAP123","RPN1"
"YIL036W","YHR027C","chr8_161730","chr9_285666",0.777880404312284,3916,"RPN1","CST6"
"YIL036W","YGL016W","chr7_461666","chr9_285666",0.2923319939237,3916,"KAP122","CST6"
"YIL036W","YER110C","chr5_378762","chr9_285666",0.181799744217598,3916,"KAP123","CST6"
"YIL036W","YDR463W","chr4_1386642","chr9_285666",0.815848155099371,3916,"STP1","CST6"
"YIL036W","YDR395W","chr4_1263324","chr9_285666",0.305907249370781,3916,"SXM1","CST6"
"YIL036W","YEL009C","chr5_138918","chr9_285666",0.442311005046976,3916,"GCN4","CST6"
"YIL036W","YDR170C","chr4_796193","chr9_285666",0.614899269763889,3916,"SEC7","CST6"
"YIL036W","YDR141C","chr4_734901","chr9_285666",0.627408551073485,3916,"DOP1","CST6"
"YIL036W","YBR049C","chr2_334386","chr9_285666",0.731640033007918,3916,"REB1","CST6"
"YIL036W","YBR196C-A","chr2_614024","chr9_285666",0.597050934467379,1986,"YBR196C-A","CST6"
"YIL036W","YGL195W","chr7_131525","chr9_285666",0.383315256358063,3916,"GCN1","CST6"
"YIL036W","YDR238C","chr4_937895","chr9_285666",0.608770935656133,3916,"SEC26","CST6"
"YIL036W","YGL073W","chr7_368753","chr9_285666",0.819142608902823,3914,"HSF1","CST6"
"YIL101C","YGL195W","chr7_131525","chr9_175307",0.0169858193450602,3719,"GCN1","XBP1"
"YIL101C","YBR049C","chr2_334386","chr9_175307",0.190845539066695,3719,"REB1","XBP1"
"YIL101C","YDR238C","chr4_937895","chr9_175307",0.180884740865651,3719,"SEC26","XBP1"
"YIL101C","YER110C","chr5_378762","chr9_175307",-0.084924582955639,3719,"KAP123","XBP1"
"YIL101C","YDR395W","chr4_1263324","chr9_175307",-0.158320790765251,3719,"SXM1","XBP1"
"YIL101C","YIL036W","chr9_285666","chr9_175307",0.457593079656312,3719,"CST6","XBP1"
"YIL101C","YGL073W","chr7_368753","chr9_175307",0.452705399138447,3719,"HSF1","XBP1"
"YIL101C","YHR027C","chr8_161730","chr9_175307",0.316478037506276,3719,"RPN1","XBP1"
"YIL101C","YBR196C-A","chr2_614024","chr9_175307",0.442833766754783,1895,"YBR196C-A","XBP1"
"YIL101C","YDR141C","chr4_734901","chr9_175307",0.122393846107769,3719,"DOP1","XBP1"
"YIL101C","YDR170C","chr4_796193","chr9_175307",0.151465317070325,3719,"SEC7","XBP1"
"YIL101C","YGL016W","chr7_461666","chr9_175307",-0.199530919164878,3719,"KAP122","XBP1"
"YIL101C","YDR463W","chr4_1386642","chr9_175307",0.41626821550151,3719,"STP1","XBP1"
"YIL101C","YEL009C","chr5_138918","chr9_175307",0.299470936169985,3719,"GCN4","XBP1"
"YIL131C","YGL016W","chr7_461666","chr9_100781",0.61105006656577,3916,"KAP122","FKH1"
"YIL131C","YGL195W","chr7_131525","chr9_100781",0.601510320823754,3916,"GCN1","FKH1"
"YIL131C","YBR196C-A","chr2_614024","chr9_100781",0.467226506977399,1986,"YBR196C-A","FKH1"
"YIL131C","YER110C","chr5_378762","chr9_100781",0.679644450716966,3916,"KAP123","FKH1"
"YIL131C","YDR170C","chr4_796193","chr9_100781",0.700993541343799,3916,"SEC7","FKH1"
"YIL131C","YDR238C","chr4_937895","chr9_100781",0.716148084640039,3916,"SEC26","FKH1"
"YIL131C","YBR049C","chr2_334386","chr9_100781",0.752021746242872,3916,"REB1","FKH1"
"YIL131C","YEL009C","chr5_138918","chr9_100781",0.369983853250212,3916,"GCN4","FKH1"
"YIL131C","YIL101C","chr9_175307","chr9_100781",-0.124373180029516,3719,"XBP1","FKH1"
"YIL131C","YDR141C","chr4_734901","chr9_100781",0.535711429576041,3916,"DOP1","FKH1"
"YIL131C","YIL036W","chr9_285666","chr9_100781",0.420011603777032,3916,"CST6","FKH1"
"YIL131C","YDR395W","chr4_1263324","chr9_100781",0.716916705120003,3916,"SXM1","FKH1"
"YIL131C","YHR027C","chr8_161730","chr9_100781",0.684948530967511,3916,"RPN1","FKH1"
"YIL131C","YGL073W","chr7_368753","chr9_100781",0.402561360687894,3914,"HSF1","FKH1"
"YIL131C","YDR463W","chr4_1386642","chr9_100781",0.425902687594911,3916,"STP1","FKH1"
"YIR018W","YBR049C","chr2_334386","chr9_384609",0.662085771837106,3900,"REB1","YAP5"
"YIR018W","YIL131C","chr9_100781","chr9_384609",0.359951742358433,3900,"FKH1","YAP5"
"YIR018W","YDR141C","chr4_734901","chr9_384609",0.504702947558033,3900,"DOP1","YAP5"
"YIR018W","YBR196C-A","chr2_614024","chr9_384609",0.497141191462593,1976,"YBR196C-A","YAP5"
"YIR018W","YGL016W","chr7_461666","chr9_384609",0.294543753269631,3900,"KAP122","YAP5"
"YIR018W","YGL073W","chr7_368753","chr9_384609",0.792581946096512,3899,"HSF1","YAP5"
"YIR018W","YDR170C","chr4_796193","chr9_384609",0.572681101384304,3900,"SEC7","YAP5"
"YIR018W","YGL195W","chr7_131525","chr9_384609",0.449036263983259,3900,"GCN1","YAP5"
"YIR018W","YDR395W","chr4_1263324","chr9_384609",0.378719689582562,3900,"SXM1","YAP5"
"YIR018W","YDR463W","chr4_1386642","chr9_384609",0.832831767047015,3900,"STP1","YAP5"
"YIR018W","YHR027C","chr8_161730","chr9_384609",0.730211022628549,3900,"RPN1","YAP5"
"YIR018W","YER110C","chr5_378762","chr9_384609",0.33198353551967,3900,"KAP123","YAP5"
"YIR018W","YIL101C","chr9_175307","chr9_384609",0.331314336245293,3709,"XBP1","YAP5"
"YIR018W","YIL036W","chr9_285666","chr9_384609",0.816846086394481,3900,"CST6","YAP5"
"YIR018W","YDR238C","chr4_937895","chr9_384609",0.603122734651634,3900,"SEC26","YAP5"
"YIR018W","YEL009C","chr5_138918","chr9_384609",0.508793497050189,3900,"GCN4","YAP5"
"YJL207C","YEL009C","chr5_138918","chr10_41389",0.402496165026685,3916,"GCN4","LAA1"
"YJL207C","YGL195W","chr7_131525","chr10_41389",0.903680097571884,3916,"GCN1","LAA1"
"YJL207C","YIR018W","chr9_384609","chr10_41389",0.453841721896047,3900,"YAP5","LAA1"
"YJL207C","YBR049C","chr2_334386","chr10_41389",0.712215178105117,3916,"REB1","LAA1"
"YJL207C","YDR141C","chr4_734901","chr10_41389",0.888830326070648,3916,"DOP1","LAA1"
"YJL207C","YDR463W","chr4_1386642","chr10_41389",0.364184774901992,3916,"STP1","LAA1"
"YJL207C","YBR196C-A","chr2_614024","chr10_41389",0.610893641065989,1986,"YBR196C-A","LAA1"
"YJL207C","YDR238C","chr4_937895","chr10_41389",0.896160444532836,3916,"SEC26","LAA1"
"YJL207C","YIL036W","chr9_285666","chr10_41389",0.4936110525255,3916,"CST6","LAA1"
"YJL207C","YIL131C","chr9_100781","chr10_41389",0.580693932718354,3916,"FKH1","LAA1"
"YJL207C","YHR027C","chr8_161730","chr10_41389",0.793179547276864,3916,"RPN1","LAA1"
"YJL207C","YDR170C","chr4_796193","chr10_41389",0.94706370919893,3916,"SEC7","LAA1"
"YJL207C","YGL073W","chr7_368753","chr10_41389",0.394521707592314,3914,"HSF1","LAA1"
"YJL207C","YIL101C","chr9_175307","chr10_41389",0.0156512746611985,3719,"XBP1","LAA1"
"YJL207C","YER110C","chr5_378762","chr10_41389",0.777473807921678,3916,"KAP123","LAA1"
"YJL207C","YDR395W","chr4_1263324","chr10_41389",0.8638084282082,3916,"SXM1","LAA1"
"YJL207C","YGL016W","chr7_461666","chr10_41389",0.870843486066003,3916,"KAP122","LAA1"
"YJR060W","YIL101C","chr9_175307","chr10_548759",0.130874116252838,3719,"XBP1","CBF1"
"YJR060W","YDR238C","chr4_937895","chr10_548759",0.610598210663418,3915,"SEC26","CBF1"
"YJR060W","YDR141C","chr4_734901","chr10_548759",0.59462917274514,3915,"DOP1","CBF1"
"YJR060W","YBR049C","chr2_334386","chr10_548759",0.727981985537691,3915,"REB1","CBF1"
"YJR060W","YEL009C","chr5_138918","chr10_548759",0.356690335354766,3915,"GCN4","CBF1"
"YJR060W","YJL207C","chr10_41389","chr10_548759",0.522183673842587,3915,"LAA1","CBF1"
"YJR060W","YER110C","chr5_378762","chr10_548759",0.44169423572164,3915,"KAP123","CBF1"
"YJR060W","YGL073W","chr7_368753","chr10_548759",0.596541371078621,3913,"HSF1","CBF1"
"YJR060W","YBR196C-A","chr2_614024","chr10_548759",0.529471310806973,1985,"YBR196C-A","CBF1"
"YJR060W","YDR170C","chr4_796193","chr10_548759",0.67856050069612,3915,"SEC7","CBF1"
"YJR060W","YIL036W","chr9_285666","chr10_548759",0.69337310788085,3915,"CST6","CBF1"
"YJR060W","YIR018W","chr9_384609","chr10_548759",0.643062055431586,3900,"YAP5","CBF1"
"YJR060W","YIL131C","chr9_100781","chr10_548759",0.654079796014785,3915,"FKH1","CBF1"
"YJR060W","YDR463W","chr4_1386642","chr10_548759",0.630427444180415,3915,"STP1","CBF1"
"YJR060W","YHR027C","chr8_161730","chr10_548759",0.729596143637809,3915,"RPN1","CBF1"
"YJR060W","YGL016W","chr7_461666","chr10_548759",0.406828162041535,3915,"KAP122","CBF1"
"YJR060W","YDR395W","chr4_1263324","chr10_548759",0.47379361517115,3915,"SXM1","CBF1"
"YJR060W","YGL195W","chr7_131525","chr10_548759",0.529101813274868,3915,"GCN1","CBF1"
"YJR132W","YIL036W","chr9_285666","chr10_669522",0.378928150174258,3916,"CST6","NMD5"
"YJR132W","YJR060W","chr10_548759","chr10_669522",0.499363947339902,3915,"CBF1","NMD5"
"YJR132W","YIL131C","chr9_100781","chr10_669522",0.642586582772835,3916,"FKH1","NMD5"
"YJR132W","YEL009C","chr5_138918","chr10_669522",0.507186696943892,3916,"GCN4","NMD5"
"YJR132W","YDR463W","chr4_1386642","chr10_669522",0.306447847433458,3916,"STP1","NMD5"
"YJR132W","YDR141C","chr4_734901","chr10_669522",0.780581003323814,3916,"DOP1","NMD5"
"YJR132W","YJL207C","chr10_41389","chr10_669522",0.860169302816393,3916,"LAA1","NMD5"
"YJR132W","YBR196C-A","chr2_614024","chr10_669522",0.63459165609804,1986,"YBR196C-A","NMD5"
"YJR132W","YIL101C","chr9_175307","chr10_669522",-0.0856693875982685,3719,"XBP1","NMD5"
"YJR132W","YBR049C","chr2_334386","chr10_669522",0.646019753224442,3916,"REB1","NMD5"
"YJR132W","YDR395W","chr4_1263324","chr10_669522",0.915419657210642,3916,"SXM1","NMD5"
"YJR132W","YGL195W","chr7_131525","chr10_669522",0.875141249210537,3916,"GCN1","NMD5"
"YJR132W","YIR018W","chr9_384609","chr10_669522",0.428964644967781,3900,"YAP5","NMD5"
"YJR132W","YHR027C","chr8_161730","chr10_669522",0.737938844966484,3916,"RPN1","NMD5"
"YJR132W","YDR238C","chr4_937895","chr10_669522",0.866113655135942,3916,"SEC26","NMD5"
"YJR132W","YGL016W","chr7_461666","chr10_669522",0.889261579408971,3916,"KAP122","NMD5"
"YJR132W","YDR170C","chr4_796193","chr10_669522",0.845486175765154,3916,"SEC7","NMD5"
"YJR132W","YER110C","chr5_378762","chr10_669522",0.855696415086747,3916,"KAP123","NMD5"
"YJR132W","YGL073W","chr7_368753","chr10_669522",0.327168455410857,3914,"HSF1","NMD5"
"YKL112W","YDR238C","chr4_937895","chr11_226570",0.723754961156878,3916,"SEC26","ABF1"
"YKL112W","YIL036W","chr9_285666","chr11_226570",0.643326225756564,3916,"CST6","ABF1"
"YKL112W","YEL009C","chr5_138918","chr11_226570",0.370495002933853,3916,"GCN4","ABF1"
"YKL112W","YBR196C-A","chr2_614024","chr11_226570",0.537605591250881,1986,"YBR196C-A","ABF1"
"YKL112W","YJL207C","chr10_41389","chr11_226570",0.615666887392884,3916,"LAA1","ABF1"
"YKL112W","YGL195W","chr7_131525","chr11_226570",0.531685927330237,3916,"GCN1","ABF1"
"YKL112W","YDR395W","chr4_1263324","chr11_226570",0.573475638323659,3916,"SXM1","ABF1"
"YKL112W","YGL073W","chr7_368753","chr11_226570",0.653228347242197,3914,"HSF1","ABF1"
"YKL112W","YHR027C","chr8_161730","chr11_226570",0.75745049200592,3916,"RPN1","ABF1"
"YKL112W","YDR141C","chr4_734901","chr11_226570",0.633554029493145,3916,"DOP1","ABF1"
"YKL112W","YIL131C","chr9_100781","chr11_226570",0.743583155183052,3916,"FKH1","ABF1"
"YKL112W","YBR049C","chr2_334386","chr11_226570",0.886523036514608,3916,"REB1","ABF1"
"YKL112W","YDR463W","chr4_1386642","chr11_226570",0.646072119806599,3916,"STP1","ABF1"
"YKL112W","YER110C","chr5_378762","chr11_226570",0.500082893304648,3916,"KAP123","ABF1"
"YKL112W","YJR060W","chr10_548759","chr11_226570",0.725217512964492,3915,"CBF1","ABF1"
"YKL112W","YGL016W","chr7_461666","chr11_226570",0.496831987727953,3916,"KAP122","ABF1"
"YKL112W","YDR170C","chr4_796193","chr11_226570",0.706191016297261,3916,"SEC7","ABF1"
"YKL112W","YIL101C","chr9_175307","chr11_226570",0.210747813182139,3719,"XBP1","ABF1"
"YKL112W","YJR132W","chr10_669522","chr11_226570",0.598579285516839,3916,"NMD5","ABF1"
"YKL112W","YIR018W","chr9_384609","chr11_226570",0.610931455604185,3900,"YAP5","ABF1"
"YLR176C","YKL112W","chr11_226570","chr12_507797",0.626296344145079,3916,"ABF1","RFX1"
"YLR176C","YHR027C","chr8_161730","chr12_507797",0.800274520883477,3916,"RPN1","RFX1"
"YLR176C","YJR060W","chr10_548759","chr12_507797",0.635313913070039,3915,"CBF1","RFX1"
"YLR176C","YIL131C","chr9_100781","chr12_507797",0.383695768027316,3916,"FKH1","RFX1"
"YLR176C","YER110C","chr5_378762","chr12_507797",0.366373708432416,3916,"KAP123","RFX1"
"YLR176C","YGL195W","chr7_131525","chr12_507797",0.538927357958959,3916,"GCN1","RFX1"
"YLR176C","YDR463W","chr4_1386642","chr12_507797",0.796091824769176,3916,"STP1","RFX1"
"YLR176C","YJR132W","chr10_669522","chr12_507797",0.47522773788959,3916,"NMD5","RFX1"
"YLR176C","YEL009C","chr5_138918","chr12_507797",0.522225037710922,3916,"GCN4","RFX1"
"YLR176C","YIL036W","chr9_285666","chr12_507797",0.899286420734944,3916,"CST6","RFX1"
"YLR176C","YJL207C","chr10_41389","chr12_507797",0.581680160921148,3916,"LAA1","RFX1"
"YLR176C","YGL073W","chr7_368753","chr12_507797",0.840334064461829,3914,"HSF1","RFX1"
"YLR176C","YDR395W","chr4_1263324","chr12_507797",0.436414300471549,3916,"SXM1","RFX1"
"YLR176C","YBR196C-A","chr2_614024","chr12_507797",0.540942664177822,1986,"YBR196C-A","RFX1"
"YLR176C","YDR238C","chr4_937895","chr12_507797",0.699783617949413,3916,"SEC26","RFX1"
"YLR176C","YBR049C","chr2_334386","chr12_507797",0.708049188915024,3916,"REB1","RFX1"
"YLR176C","YDR170C","chr4_796193","chr12_507797",0.713526781459011,3916,"SEC7","RFX1"
"YLR176C","YIL101C","chr9_175307","chr12_507797",0.409952769014128,3719,"XBP1","RFX1"
"YLR176C","YIR018W","chr9_384609","chr12_507797",0.699253880756106,3900,"YAP5","RFX1"
"YLR176C","YDR141C","chr4_734901","chr12_507797",0.703121520101043,3916,"DOP1","RFX1"
"YLR176C","YGL016W","chr7_461666","chr12_507797",0.356247880912509,3916,"KAP122","RFX1"
"YLR403W","YBR196C-A","chr2_614024","chr12_925568",0.682461083015357,1984,"YBR196C-A","SFP1"
"YNL068C","YER110C","chr5_378762","chr14_495701",0.558833116684583,3916,"KAP123","FKH2"
"YNL068C","YDR170C","chr4_796193","chr14_495701",0.735482064538634,3916,"SEC7","FKH2"
"YNL068C","YBR049C","chr2_334386","chr14_495701",0.806932067395253,3916,"REB1","FKH2"
"YNL068C","YDR238C","chr4_937895","chr14_495701",0.696785836794011,3916,"SEC26","FKH2"
"YNL068C","YJL207C","chr10_41389","chr14_495701",0.615852960697664,3916,"LAA1","FKH2"
"YNL068C","YGL016W","chr7_461666","chr14_495701",0.479838877817242,3916,"KAP122","FKH2"
"YNL068C","YIL101C","chr9_175307","chr14_495701",0.122904757361279,3719,"XBP1","FKH2"
"YNL068C","YGL073W","chr7_368753","chr14_495701",0.723916790885226,3914,"HSF1","FKH2"
"YNL068C","YJR060W","chr10_548759","chr14_495701",0.714542280147339,3915,"CBF1","FKH2"
"YNL068C","YDR395W","chr4_1263324","chr14_495701",0.636771143145997,3916,"SXM1","FKH2"
"YNL068C","YJR132W","chr10_669522","chr14_495701",0.591346642619059,3916,"NMD5","FKH2"
"YNL068C","YIL036W","chr9_285666","chr14_495701",0.662187917586133,3916,"CST6","FKH2"
"YNL068C","YIL131C","chr9_100781","chr14_495701",0.737743302647207,3916,"FKH1","FKH2"
"YNL068C","YKL112W","chr11_226570","chr14_495701",0.764904249251445,3916,"ABF1","FKH2"
"YNL068C","YDR141C","chr4_734901","chr14_495701",0.609063405074065,3916,"DOP1","FKH2"
"YNL068C","YIR018W","chr9_384609","chr14_495701",0.624073164894059,3900,"YAP5","FKH2"
"YNL068C","YGL195W","chr7_131525","chr14_495701",0.551765755749732,3916,"GCN1","FKH2"
"YNL068C","YEL009C","chr5_138918","chr14_495701",0.359580024104269,3916,"GCN4","FKH2"
"YNL068C","YLR176C","chr12_507797","chr14_495701",0.715377233989977,3916,"RFX1","FKH2"
"YNL068C","YBR196C-A","chr2_614024","chr14_495701",0.517163067392051,1986,"YBR196C-A","FKH2"
"YNL068C","YDR463W","chr4_1386642","chr14_495701",0.735433216322126,3916,"STP1","FKH2"
"YNL068C","YHR027C","chr8_161730","chr14_495701",0.751991318018082,3916,"RPN1","FKH2"
"YNL216W","YDR170C","chr4_796193","chr14_241689",0.733149637324592,3916,"SEC7","RAP1"
"YNL216W","YLR176C","chr12_507797","chr14_241689",0.658410698577196,3916,"RFX1","RAP1"
"YNL216W","YIL036W","chr9_285666","chr14_241689",0.602635992141702,3916,"CST6","RAP1"
"YNL216W","YBR049C","chr2_334386","chr14_241689",0.861516974985295,3916,"REB1","RAP1"
"YNL216W","YIL101C","chr9_175307","chr14_241689",0.152018334006335,3719,"XBP1","RAP1"
"YNL216W","YER110C","chr5_378762","chr14_241689",0.658617632330145,3916,"KAP123","RAP1"
"YNL216W","YGL073W","chr7_368753","chr14_241689",0.63160357219132,3914,"HSF1","RAP1"
"YNL216W","YDR141C","chr4_734901","chr14_241689",0.644882358225902,3916,"DOP1","RAP1"
"YNL216W","YGL016W","chr7_461666","chr14_241689",0.603232938600741,3916,"KAP122","RAP1"
"YNL216W","YDR238C","chr4_937895","chr14_241689",0.79617013420175,3916,"SEC26","RAP1"
"YNL216W","YNL068C","chr14_495701","chr14_241689",0.810188162342209,3916,"FKH2","RAP1"
"YNL216W","YJR060W","chr10_548759","chr14_241689",0.650104092161398,3915,"CBF1","RAP1"
"YNL216W","YIR018W","chr9_384609","chr14_241689",0.618114096151735,3900,"YAP5","RAP1"
"YNL216W","YJR132W","chr10_669522","chr14_241689",0.669955739687523,3916,"NMD5","RAP1"
"YNL216W","YBR196C-A","chr2_614024","chr14_241689",0.65861212456744,1986,"YBR196C-A","RAP1"
"YNL216W","YGL195W","chr7_131525","chr14_241689",0.601853132878929,3916,"GCN1","RAP1"
"YNL216W","YEL009C","chr5_138918","chr14_241689",0.406444870276186,3916,"GCN4","RAP1"
"YNL216W","YHR027C","chr8_161730","chr14_241689",0.798380908567467,3916,"RPN1","RAP1"
"YNL216W","YIL131C","chr9_100781","chr14_241689",0.758381432610077,3916,"FKH1","RAP1"
"YNL216W","YDR395W","chr4_1263324","chr14_241689",0.713291445596206,3916,"SXM1","RAP1"
"YNL216W","YKL112W","chr11_226570","chr14_241689",0.787586608443941,3916,"ABF1","RAP1"
"YNL216W","YJL207C","chr10_41389","chr14_241689",0.66260669472859,3916,"LAA1","RAP1"
"YNL216W","YDR463W","chr4_1386642","chr14_241689",0.652267463903783,3916,"STP1","RAP1"
"YNL236W","YBR196C-A","chr2_614024","chr14_206930",0.635320853844078,1986,"YBR196C-A","SIN4"
"YOL148C","YBR196C-A","chr2_614024","chr15_45760",0.575198434966763,1986,"YBR196C-A","SPT20"
"YOR110W","YBR196C-A","chr2_614024","chr15_528941",0.595236417575914,1986,"YBR196C-A","TFC7"
"YPL075W","YDR463W","chr4_1386642","chr16_412254",0.47430402482329,3916,"STP1","GCR1"
"YPL075W","YJR132W","chr10_669522","chr16_412254",0.662336857613965,3916,"NMD5","GCR1"
"YPL075W","YIR018W","chr9_384609","chr16_412254",0.508838409335697,3900,"YAP5","GCR1"
"YPL075W","YNL216W","chr14_241689","chr16_412254",0.609631095054474,3916,"RAP1","GCR1"
"YPL075W","YIL101C","chr9_175307","chr16_412254",0.0590193572135904,3719,"XBP1","GCR1"
"YPL075W","YDR395W","chr4_1263324","chr16_412254",0.626907673045072,3916,"SXM1","GCR1"
"YPL075W","YIL036W","chr9_285666","chr16_412254",0.605656318403784,3916,"CST6","GCR1"
"YPL075W","YDR170C","chr4_796193","chr16_412254",0.720678953598075,3916,"SEC7","GCR1"
"YPL075W","YNL068C","chr14_495701","chr16_412254",0.688032346263295,3916,"FKH2","GCR1"
"YPL075W","YDR238C","chr4_937895","chr16_412254",0.743683299748051,3916,"SEC26","GCR1"
"YPL075W","YER110C","chr5_378762","chr16_412254",0.48986743171844,3916,"KAP123","GCR1"
"YPL075W","YGL073W","chr7_368753","chr16_412254",0.56071305483109,3914,"HSF1","GCR1"
"YPL075W","YIL131C","chr9_100781","chr16_412254",0.643453995989584,3916,"FKH1","GCR1"
"YPL075W","YHR027C","chr8_161730","chr16_412254",0.750817458506492,3916,"RPN1","GCR1"
"YPL075W","YKL112W","chr11_226570","chr16_412254",0.651473005506488,3916,"ABF1","GCR1"
"YPL075W","YDR141C","chr4_734901","chr16_412254",0.709473105774367,3916,"DOP1","GCR1"
"YPL075W","YBR196C-A","chr2_614024","chr16_412254",0.605383230894523,1986,"YBR196C-A","GCR1"
"YPL075W","YJL207C","chr10_41389","chr16_412254",0.666865701101387,3916,"LAA1","GCR1"
"YPL075W","YGL195W","chr7_131525","chr16_412254",0.631065893356249,3916,"GCN1","GCR1"
"YPL075W","YBR049C","chr2_334386","chr16_412254",0.695541106220166,3916,"REB1","GCR1"
"YPL075W","YLR176C","chr12_507797","chr16_412254",0.604969654282796,3916,"RFX1","GCR1"
"YPL075W","YEL009C","chr5_138918","chr16_412254",0.484959023043368,3916,"GCN4","GCR1"
"YPL075W","YJR060W","chr10_548759","chr16_412254",0.622573636792989,3915,"CBF1","GCR1"
"YPL075W","YGL016W","chr7_461666","chr16_412254",0.597308548172199,3916,"KAP122","GCR1"
"YPL153C","YBR196C-A","chr2_614024","chr16_261727",0.517155874167982,1980,"YBR196C-A","RAD53"
