Time,A1,B1,C1,D1,E1,F1,G1,H1,A2,B2,C2,D2,E2,F2,G2,H2,A3,B3,C3,D3,E3,F3,G3,H3,A4,B4,C4,D4,E4,F4,G4,H4,A5,B5,C5,D5,E5,F5,G5,H5,A6,B6,C6,D6,E6,F6,G6,H6,A7,B7,C7,D7,E7,F7,G7,H7,A8,B8,C8,D8,E8,F8,G8,H8,A9,B9,C9,D9,E9,F9,G9,H9,A10,B10,C10,D10,E10,F10,G10,H10,A11,B11,C11,D11,E11,F11,G11,H11,A12,B12,C12,D12,E12,F12,G12,H12
45,0.12,0.125,0.122,0.125,0.126,0.123,0.119,0.119,0.122,0.122,0.122,0.128,0.123,0.122,0.118,0.118,0.122,0.122,0.125,0.127,0.127,0.125,0.126,0.122,0.126,0.126,0.121,0.125,0.121,0.124,0.12,0.118,0.128,0.123,0.121,0.125,0.124,0.137,0.128,0.131,0.131,0.125,0.12,0.123,0.136,0.13,0.12,0.123,0.133,0.124,0.126,0.122,0.128,0.133,0.133,0.133,0.129,0.124,0.123,0.127,0.129,0.13,0.119,0.125,0.12,0.126,0.125,0.123,0.127,0.127,0.129,0.121,0.125,0.126,0.122,0.127,0.127,0.127,0.124,0.117,0.123,0.124,0.122,0.125,0.125,0.126,0.137,0.126,0.119,0.125,0.126,0.132,0.131,0.127,0.118,0.117
90,0.121,0.127,0.125,0.127,0.129,0.129,0.122,0.12,0.125,0.125,0.122,0.131,0.127,0.126,0.118,0.118,0.125,0.124,0.128,0.132,0.132,0.133,0.129,0.125,0.127,0.129,0.122,0.134,0.123,0.132,0.12,0.118,0.136,0.128,0.124,0.133,0.128,0.149,0.134,0.138,0.137,0.133,0.122,0.13,0.146,0.141,0.12,0.123,0.138,0.126,0.135,0.13,0.137,0.148,0.143,0.14,0.135,0.128,0.123,0.132,0.135,0.14,0.119,0.123,0.126,0.13,0.137,0.13,0.13,0.131,0.135,0.123,0.132,0.132,0.125,0.136,0.136,0.13,0.123,0.117,0.126,0.129,0.128,0.13,0.128,0.133,0.142,0.133,0.124,0.135,0.128,0.144,0.139,0.134,0.118,0.117
135,0.123,0.129,0.13,0.131,0.134,0.134,0.126,0.124,0.13,0.131,0.122,0.14,0.133,0.133,0.118,0.118,0.131,0.128,0.134,0.141,0.138,0.144,0.134,0.131,0.131,0.136,0.124,0.151,0.129,0.142,0.12,0.118,0.153,0.136,0.132,0.145,0.134,0.161,0.144,0.148,0.147,0.147,0.124,0.145,0.159,0.154,0.119,0.123,0.145,0.131,0.151,0.142,0.15,0.167,0.157,0.152,0.147,0.137,0.124,0.141,0.146,0.149,0.119,0.123,0.131,0.135,0.148,0.135,0.133,0.135,0.14,0.124,0.141,0.138,0.128,0.144,0.148,0.133,0.123,0.117,0.131,0.136,0.134,0.134,0.131,0.139,0.148,0.139,0.129,0.143,0.13,0.152,0.144,0.139,0.118,0.117
180,0.127,0.132,0.138,0.139,0.139,0.141,0.133,0.13,0.137,0.141,0.122,0.153,0.143,0.14,0.118,0.118,0.14,0.136,0.143,0.154,0.146,0.155,0.141,0.14,0.138,0.147,0.127,0.175,0.138,0.155,0.12,0.119,0.176,0.149,0.143,0.161,0.141,0.173,0.159,0.161,0.162,0.169,0.127,0.165,0.174,0.168,0.119,0.123,0.157,0.139,0.176,0.156,0.164,0.186,0.179,0.17,0.165,0.151,0.125,0.155,0.159,0.16,0.119,0.131,0.135,0.137,0.154,0.139,0.135,0.138,0.144,0.126,0.146,0.142,0.129,0.149,0.156,0.136,0.121,0.117,0.134,0.139,0.137,0.137,0.134,0.143,0.152,0.143,0.132,0.148,0.132,0.158,0.149,0.143,0.118,0.117
225,0.132,0.139,0.15,0.149,0.144,0.15,0.142,0.138,0.148,0.155,0.122,0.171,0.156,0.146,0.118,0.118,0.153,0.146,0.159,0.17,0.153,0.167,0.151,0.152,0.147,0.163,0.13,0.207,0.15,0.17,0.12,0.12,0.206,0.168,0.159,0.18,0.15,0.186,0.179,0.18,0.183,0.198,0.132,0.191,0.193,0.184,0.119,0.123,0.174,0.15,0.209,0.174,0.182,0.212,0.208,0.193,0.19,0.171,0.126,0.178,0.174,0.174,0.119,0.129,0.138,0.139,0.157,0.141,0.136,0.14,0.147,0.126,0.149,0.144,0.13,0.152,0.16,0.138,0.124,0.117,0.135,0.141,0.138,0.139,0.135,0.145,0.155,0.145,0.134,0.15,0.133,0.163,0.151,0.145,0.118,0.117
270,0.139,0.15,0.166,0.162,0.152,0.159,0.154,0.148,0.164,0.174,0.122,0.197,0.171,0.153,0.118,0.118,0.173,0.162,0.179,0.192,0.163,0.186,0.166,0.171,0.159,0.186,0.135,0.249,0.167,0.191,0.12,0.12,0.248,0.194,0.179,0.205,0.165,0.203,0.208,0.206,0.211,0.239,0.138,0.225,0.216,0.208,0.12,0.123,0.198,0.167,0.255,0.195,0.203,0.241,0.249,0.227,0.224,0.199,0.127,0.206,0.194,0.188,0.119,0.127,0.139,0.14,0.16,0.143,0.137,0.141,0.148,0.126,0.151,0.146,0.13,0.154,0.162,0.139,0.124,0.117,0.136,0.143,0.14,0.141,0.136,0.147,0.156,0.147,0.135,0.152,0.133,0.165,0.155,0.147,0.118,0.117
315,0.148,0.166,0.189,0.181,0.162,0.173,0.172,0.163,0.184,0.2,0.123,0.232,0.192,0.161,0.118,0.118,0.198,0.183,0.206,0.22,0.172,0.211,0.187,0.195,0.177,0.217,0.142,0.303,0.188,0.219,0.12,0.12,0.304,0.229,0.206,0.234,0.181,0.223,0.247,0.245,0.25,0.291,0.147,0.269,0.246,0.235,0.119,0.122,0.231,0.189,0.316,0.22,0.227,0.281,0.306,0.273,0.272,0.237,0.13,0.247,0.218,0.207,0.119,0.127,0.14,0.141,0.162,0.145,0.138,0.143,0.15,0.127,0.153,0.148,0.131,0.156,0.165,0.14,0.124,0.117,0.137,0.144,0.141,0.142,0.137,0.15,0.158,0.148,0.136,0.153,0.134,0.166,0.156,0.149,0.118,0.117
360,0.16,0.187,0.22,0.204,0.173,0.192,0.195,0.182,0.214,0.236,0.123,0.279,0.215,0.172,0.118,0.117,0.233,0.209,0.243,0.253,0.188,0.241,0.217,0.227,0.201,0.262,0.151,0.369,0.215,0.255,0.12,0.119,0.38,0.275,0.242,0.271,0.201,0.249,0.3,0.297,0.304,0.36,0.158,0.325,0.284,0.27,0.119,0.122,0.277,0.22,0.396,0.251,0.254,0.328,0.383,0.338,0.336,0.288,0.133,0.303,0.247,0.229,0.119,0.125,0.142,0.142,0.164,0.147,0.142,0.144,0.151,0.128,0.155,0.148,0.132,0.158,0.169,0.141,0.122,0.117,0.138,0.145,0.143,0.144,0.137,0.151,0.16,0.15,0.137,0.155,0.134,0.17,0.163,0.15,0.118,0.117
405,0.177,0.216,0.262,0.234,0.188,0.217,0.227,0.206,0.256,0.284,0.124,0.345,0.247,0.186,0.118,0.117,0.282,0.246,0.294,0.299,0.212,0.286,0.258,0.273,0.234,0.323,0.163,0.45,0.249,0.303,0.12,0.119,0.479,0.339,0.287,0.318,0.233,0.282,0.376,0.371,0.378,0.449,0.173,0.393,0.331,0.309,0.119,0.122,0.339,0.262,0.501,0.291,0.29,0.39,0.487,0.426,0.421,0.357,0.137,0.377,0.285,0.258,0.119,0.124,0.143,0.143,0.167,0.148,0.142,0.145,0.153,0.128,0.156,0.15,0.132,0.161,0.173,0.142,0.123,0.117,0.139,0.146,0.144,0.144,0.138,0.152,0.162,0.151,0.139,0.157,0.135,0.17,0.162,0.153,0.118,0.117
450,0.199,0.257,0.316,0.271,0.208,0.246,0.268,0.237,0.31,0.342,0.125,0.429,0.287,0.202,0.118,0.117,0.345,0.295,0.357,0.347,0.236,0.336,0.313,0.332,0.279,0.406,0.179,0.55,0.292,0.36,0.12,0.121,0.606,0.42,0.346,0.374,0.27,0.323,0.476,0.47,0.473,0.556,0.191,0.48,0.388,0.363,0.119,0.122,0.424,0.321,0.627,0.341,0.334,0.458,0.615,0.542,0.527,0.446,0.142,0.474,0.327,0.291,0.119,0.125,0.144,0.144,0.169,0.149,0.141,0.146,0.155,0.129,0.157,0.151,0.134,0.162,0.179,0.143,0.123,0.117,0.14,0.147,0.145,0.145,0.139,0.154,0.163,0.152,0.14,0.158,0.135,0.172,0.166,0.154,0.118,0.117
495,0.226,0.31,0.386,0.317,0.234,0.294,0.324,0.275,0.376,0.417,0.125,0.536,0.334,0.221,0.118,0.117,0.425,0.361,0.437,0.41,0.264,0.4,0.39,0.411,0.334,0.512,0.199,0.663,0.344,0.433,0.12,0.12,0.759,0.518,0.421,0.446,0.312,0.37,0.601,0.595,0.598,0.688,0.215,0.588,0.458,0.432,0.12,0.121,0.532,0.399,0.775,0.402,0.384,0.545,0.768,0.685,0.657,0.557,0.148,0.599,0.381,0.332,0.119,0.125,0.145,0.145,0.171,0.151,0.142,0.148,0.156,0.129,0.158,0.152,0.134,0.164,0.186,0.144,0.121,0.117,0.141,0.148,0.146,0.146,0.14,0.156,0.165,0.154,0.141,0.16,0.136,0.174,0.172,0.156,0.118,0.117
540,0.259,0.378,0.473,0.373,0.271,0.356,0.391,0.325,0.46,0.51,0.126,0.665,0.387,0.251,0.118,0.117,0.525,0.438,0.542,0.484,0.303,0.489,0.49,0.508,0.408,0.647,0.224,0.805,0.408,0.52,0.12,0.121,0.938,0.64,0.512,0.527,0.368,0.429,0.756,0.752,0.75,0.86,0.245,0.718,0.545,0.508,0.12,0.121,0.666,0.499,0.945,0.479,0.453,0.649,0.942,0.859,0.802,0.689,0.157,0.747,0.442,0.383,0.119,0.124,0.146,0.146,0.173,0.152,0.143,0.149,0.157,0.13,0.159,0.153,0.135,0.166,0.193,0.145,0.123,0.117,0.142,0.15,0.147,0.147,0.141,0.157,0.166,0.155,0.141,0.161,0.137,0.177,0.178,0.158,0.118,0.117
585,0.299,0.461,0.576,0.441,0.318,0.435,0.477,0.385,0.556,0.614,0.128,0.812,0.446,0.278,0.118,0.117,0.647,0.531,0.677,0.566,0.34,0.591,0.612,0.627,0.497,0.808,0.255,0.977,0.475,0.616,0.12,0.121,1.127,0.774,0.623,0.625,0.437,0.496,0.93,0.929,0.927,1.062,0.281,0.878,0.657,0.58,0.119,0.121,0.829,0.626,1.133,0.576,0.526,0.762,1.126,1.05,0.971,0.846,0.169,0.923,0.507,0.443,0.119,0.131,0.147,0.147,0.175,0.153,0.144,0.15,0.158,0.13,0.161,0.155,0.136,0.168,0.203,0.147,0.122,0.117,0.142,0.151,0.148,0.149,0.142,0.159,0.167,0.157,0.141,0.163,0.137,0.179,0.183,0.159,0.118,0.117
630,0.348,0.57,0.706,0.524,0.382,0.532,0.58,0.456,0.672,0.724,0.131,0.979,0.524,0.314,0.118,0.117,0.794,0.641,0.865,0.661,0.39,0.7,0.762,0.774,0.608,0.991,0.292,1.175,0.556,0.717,0.12,0.12,1.317,0.931,0.754,0.744,0.52,0.579,1.113,1.115,1.119,1.256,0.324,1.077,0.809,0.678,0.12,0.121,1.006,0.776,1.331,0.694,0.623,0.88,1.316,1.245,1.153,1.021,0.183,1.109,0.587,0.506,0.119,0.128,0.148,0.148,0.177,0.153,0.144,0.15,0.159,0.13,0.162,0.155,0.136,0.169,0.212,0.148,0.121,0.117,0.143,0.151,0.149,0.149,0.143,0.159,0.169,0.158,0.143,0.164,0.138,0.182,0.192,0.162,0.118,0.116
675,0.41,0.706,0.866,0.621,0.461,0.645,0.705,0.551,0.829,0.883,0.132,1.173,0.617,0.372,0.118,0.117,0.97,0.781,1.076,0.769,0.458,0.813,0.934,0.944,0.74,1.178,0.337,1.393,0.65,0.819,0.12,0.12,1.493,1.115,0.908,0.874,0.618,0.689,1.302,1.31,1.309,1.356,0.376,1.287,1.026,0.781,0.12,0.121,1.197,0.944,1.517,0.834,0.734,0.999,1.497,1.431,1.35,1.221,0.201,1.298,0.695,0.593,0.119,0.13,0.149,0.148,0.179,0.154,0.145,0.151,0.16,0.131,0.163,0.157,0.138,0.171,0.224,0.149,0.121,0.117,0.145,0.152,0.15,0.149,0.144,0.16,0.17,0.158,0.145,0.166,0.139,0.184,0.2,0.163,0.118,0.116
720,0.484,0.859,1.042,0.736,0.567,0.773,0.858,0.662,1.033,1.047,0.135,1.363,0.724,0.446,0.118,0.117,1.171,0.937,1.281,0.9,0.539,0.927,1.126,1.129,0.903,1.367,0.39,1.583,0.76,0.916,0.12,0.12,1.644,1.319,1.074,1.004,0.725,0.825,1.482,1.492,1.487,1.321,0.434,1.5,1.212,0.897,0.119,0.121,1.389,1.128,1.672,0.979,0.84,1.107,1.661,1.599,1.54,1.415,0.223,1.476,0.842,0.697,0.119,0.132,0.15,0.149,0.181,0.156,0.146,0.153,0.16,0.131,0.164,0.157,0.138,0.173,0.237,0.15,0.121,0.117,0.146,0.153,0.152,0.15,0.145,0.162,0.172,0.159,0.145,0.167,0.14,0.186,0.21,0.166,0.118,0.116
765,0.583,1.042,1.24,0.861,0.684,0.908,1.05,0.797,1.266,1.27,0.138,1.542,0.87,0.531,0.118,0.117,1.388,1.121,1.483,1.034,0.641,1.033,1.32,1.324,1.094,1.533,0.45,1.726,0.887,1.013,0.12,0.12,1.768,1.51,1.26,1.129,0.845,1.018,1.644,1.654,1.647,1.529,0.501,1.664,1.258,1.012,0.119,0.121,1.565,1.321,1.791,1.11,0.958,1.208,1.797,1.74,1.693,1.586,0.248,1.633,1.021,0.825,0.119,0.13,0.15,0.15,0.183,0.156,0.146,0.154,0.161,0.131,0.165,0.158,0.14,0.176,0.253,0.152,0.123,0.116,0.147,0.154,0.152,0.151,0.146,0.162,0.173,0.16,0.147,0.169,0.141,0.188,0.221,0.168,0.118,0.116
810,0.713,1.252,1.444,0.989,0.822,1.028,1.274,0.978,1.5,1.525,0.142,1.685,1.032,0.642,0.118,0.117,1.586,1.322,1.645,1.163,0.766,1.128,1.504,1.524,1.311,1.676,0.518,1.83,1.06,1.105,0.12,0.12,1.863,1.674,1.466,1.235,0.962,1.086,1.78,1.784,1.776,1.695,0.579,1.786,1.183,1.119,0.119,0.121,1.712,1.507,1.879,1.223,1.066,1.293,1.889,1.817,1.806,1.725,0.279,1.762,1.233,0.958,0.119,0.129,0.152,0.15,0.185,0.157,0.147,0.155,0.162,0.131,0.166,0.16,0.141,0.179,0.269,0.153,0.123,0.116,0.148,0.155,0.153,0.152,0.146,0.164,0.175,0.16,0.148,0.17,0.142,0.191,0.234,0.172,0.118,0.116
855,0.873,1.456,1.618,1.113,0.973,1.138,1.533,1.203,1.683,1.718,0.147,1.801,1.23,0.761,0.118,0.117,1.736,1.548,1.771,1.27,0.901,1.215,1.67,1.698,1.52,1.789,0.602,1.908,1.237,1.196,0.12,0.12,1.937,1.795,1.657,1.323,1.06,1.065,1.875,1.847,1.871,1.815,0.669,1.874,1.29,1.208,0.119,0.121,1.823,1.667,1.94,1.315,1.159,1.371,1.935,1.842,1.89,1.83,0.315,1.864,1.459,1.102,0.119,0.131,0.152,0.151,0.188,0.158,0.148,0.157,0.164,0.132,0.168,0.161,0.143,0.181,0.288,0.155,0.122,0.117,0.148,0.156,0.154,0.152,0.148,0.168,0.177,0.161,0.148,0.171,0.144,0.194,0.249,0.173,0.118,0.116
900,1.072,1.647,1.754,1.214,1.108,1.234,1.733,1.447,1.806,1.838,0.152,1.886,1.441,0.898,0.118,0.117,1.845,1.723,1.864,1.361,1.047,1.29,1.781,1.825,1.687,1.877,0.695,1.969,1.431,1.286,0.12,0.12,1.985,1.882,1.782,1.393,1.144,1.064,1.92,1.868,1.932,1.895,0.768,1.94,0.715,1.3,0.119,0.121,1.893,1.795,1.974,1.395,1.242,1.443,1.952,1.851,1.95,1.904,0.36,1.937,1.645,1.219,0.119,0.129,0.152,0.152,0.191,0.159,0.149,0.159,0.165,0.132,0.169,0.161,0.143,0.184,0.309,0.156,0.124,0.117,0.149,0.157,0.156,0.152,0.148,0.168,0.179,0.162,0.149,0.173,0.145,0.198,0.267,0.17,0.117,0.116
945,1.301,1.773,1.855,1.304,1.213,1.318,1.855,1.67,1.887,1.912,0.159,1.95,1.621,1.023,0.118,0.117,1.917,1.838,1.934,1.432,1.165,1.364,1.825,1.905,1.805,1.942,0.802,2.013,1.601,1.374,0.12,0.12,2.01,1.947,1.868,1.454,1.22,1.209,1.935,1.875,1.964,1.942,0.885,1.988,0.883,1.373,0.119,0.121,1.931,1.883,1.991,1.461,1.31,1.505,1.958,1.855,1.989,1.95,0.412,1.985,1.748,1.307,0.119,0.127,0.153,0.153,0.194,0.16,0.15,0.161,0.166,0.133,0.171,0.163,0.146,0.186,0.332,0.158,0.124,0.117,0.15,0.158,0.156,0.154,0.15,0.169,0.181,0.163,0.151,0.175,0.147,0.201,0.291,0.173,0.117,0.116
990,1.533,1.865,1.924,1.384,1.298,1.392,1.925,1.805,1.943,1.963,0.165,1.992,1.739,1.125,0.118,0.116,1.964,1.911,1.98,1.492,1.258,1.433,1.842,1.938,1.892,1.981,0.92,2.043,1.724,1.457,0.12,0.119,2.022,1.983,1.927,1.508,1.287,0.644,1.942,1.879,1.979,1.96,1.011,2.02,1.045,1.436,0.119,0.121,1.947,1.924,1.999,1.523,1.368,1.561,1.961,1.857,2.009,1.973,0.477,2.011,1.82,1.385,0.119,0.127,0.155,0.155,0.197,0.16,0.151,0.163,0.168,0.133,0.173,0.165,0.148,0.188,0.359,0.16,0.121,0.116,0.151,0.158,0.158,0.154,0.15,0.17,0.183,0.165,0.152,0.176,0.15,0.205,0.317,0.179,0.117,0.116
1035,1.71,1.939,1.971,1.459,1.368,1.465,1.955,1.888,1.974,1.996,0.173,2.017,1.819,1.211,0.118,0.116,1.991,1.954,2.008,1.55,1.337,1.498,1.851,1.948,1.956,2.002,1.043,2.061,1.811,1.54,0.12,0.119,2.029,2,1.969,1.56,1.35,0.753,1.946,1.883,1.986,1.971,1.149,2.038,1.211,1.502,0.119,0.121,1.957,1.937,2.004,1.579,1.427,1.615,1.963,1.859,2.018,1.984,0.544,2.026,1.867,1.459,0.119,0.127,0.156,0.156,0.201,0.161,0.152,0.165,0.169,0.133,0.175,0.166,0.149,0.193,0.392,0.163,0.121,0.116,0.152,0.159,0.161,0.155,0.152,0.173,0.185,0.166,0.153,0.178,0.15,0.21,0.345,0.181,0.117,0.116
1080,1.826,1.977,1.996,1.524,1.431,1.535,1.964,1.954,1.992,2.015,0.183,2.03,1.877,1.285,0.118,0.116,2.001,1.973,2.023,1.605,1.401,1.558,1.857,1.952,2.003,2.013,1.174,2.069,1.875,1.618,0.12,0.118,2.033,2.005,1.998,1.607,1.409,0.865,1.949,1.884,1.992,1.978,1.302,2.048,1.367,1.559,0.119,0.121,1.964,1.945,2.007,1.632,1.479,1.669,1.967,1.862,2.022,1.992,0.626,2.034,1.895,1.52,0.119,0.127,0.158,0.157,0.206,0.163,0.153,0.167,0.171,0.135,0.178,0.168,0.151,0.197,0.433,0.165,0.123,0.116,0.154,0.16,0.162,0.157,0.153,0.183,0.189,0.169,0.157,0.182,0.152,0.217,0.384,0.183,0.117,0.116
1125,1.903,1.992,2.009,1.584,1.489,1.601,1.966,2.002,1.999,2.023,0.193,2.037,1.927,1.353,0.118,0.116,2.006,1.979,2.03,1.657,1.463,1.621,1.859,1.955,2.035,2.019,1.32,2.073,1.925,1.69,0.12,0.118,2.035,2.006,2.015,1.653,1.469,0.987,1.951,1.886,1.996,1.982,1.467,2.053,1.5,1.618,0.12,0.121,1.969,1.948,2.01,1.68,1.532,1.719,1.968,1.863,2.026,1.996,0.719,2.039,1.91,1.578,0.119,0.127,0.16,0.159,0.211,0.164,0.154,0.17,0.173,0.135,0.18,0.171,0.153,0.201,0.473,0.166,0.122,0.116,0.156,0.163,0.163,0.157,0.155,0.195,0.191,0.17,0.161,0.183,0.155,0.224,0.429,0.187,0.117,0.115
1170,1.958,1.995,2.015,1.643,1.55,1.665,1.966,2.03,2.003,2.027,0.205,2.04,1.965,1.422,0.118,0.116,2.01,1.981,2.034,1.705,1.521,1.683,1.864,1.956,2.051,2.022,1.46,2.075,1.958,1.747,0.12,0.118,2.038,2.008,2.023,1.702,1.528,1.117,1.953,1.887,1.999,1.986,1.63,2.056,1.601,1.678,0.119,0.121,1.971,1.95,2.012,1.73,1.591,1.76,1.97,1.865,2.029,1.999,0.816,2.042,1.918,1.636,0.119,0.126,0.161,0.16,0.217,0.165,0.156,0.174,0.176,0.136,0.183,0.172,0.155,0.204,0.52,0.168,0.123,0.116,0.158,0.165,0.165,0.159,0.156,0.196,0.195,0.172,0.164,0.185,0.157,0.233,0.48,0.188,0.117,0.115
1215,2.001,1.997,2.019,1.699,1.609,1.726,1.968,2.042,2.006,2.031,0.219,2.044,1.996,1.481,0.118,0.116,2.014,1.983,2.037,1.755,1.576,1.736,1.865,1.957,2.059,2.025,1.59,2.077,1.976,1.783,0.12,0.117,2.039,2.008,2.028,1.748,1.591,1.249,1.955,1.889,2.001,1.989,1.765,2.058,1.654,1.726,0.12,0.121,1.976,1.953,2.014,1.778,1.648,1.787,1.971,1.867,2.03,2.002,0.918,2.044,1.921,1.692,0.119,0.128,0.165,0.163,0.223,0.166,0.158,0.176,0.179,0.137,0.185,0.174,0.159,0.208,0.576,0.171,0.123,0.116,0.159,0.167,0.168,0.16,0.159,0.205,0.198,0.175,0.162,0.189,0.16,0.241,0.539,0.186,0.117,0.115
1260,2.033,1.996,2.022,1.756,1.675,1.772,1.969,2.042,2.01,2.033,0.232,2.046,2.012,1.54,0.118,0.116,2.017,1.984,2.039,1.8,1.631,1.775,1.869,1.958,2.063,2.027,1.699,2.078,1.985,1.803,0.12,0.118,2.041,2.01,2.032,1.788,1.661,1.377,1.956,1.89,2.003,1.992,1.857,2.06,1.677,1.759,0.119,0.121,1.978,1.954,2.016,1.814,1.701,1.802,1.973,1.869,2.032,2.005,1.024,2.046,1.925,1.741,0.119,0.13,0.166,0.165,0.227,0.167,0.159,0.18,0.181,0.137,0.188,0.177,0.162,0.212,0.644,0.174,0.122,0.116,0.161,0.169,0.169,0.161,0.161,0.169,0.203,0.178,0.17,0.191,0.164,0.252,0.607,0.199,0.117,0.115
1305,2.054,1.996,2.024,1.805,1.736,1.796,1.97,2.037,2.012,2.035,0.247,2.048,2.022,1.601,0.118,0.116,2.018,1.985,2.041,1.831,1.687,1.8,1.87,1.958,2.067,2.029,1.776,2.079,1.991,1.815,0.12,0.118,2.042,2.01,2.034,1.817,1.715,1.479,1.958,1.892,2.005,1.995,1.906,2.061,1.688,1.778,0.119,0.121,1.98,1.956,2.017,1.838,1.735,1.812,1.974,1.87,2.034,2.006,1.129,2.047,1.927,1.78,0.119,0.126,0.167,0.168,0.235,0.169,0.161,0.184,0.184,0.138,0.191,0.18,0.166,0.217,0.704,0.178,0.121,0.116,0.164,0.17,0.172,0.162,0.163,0.205,0.207,0.182,0.169,0.194,0.167,0.261,0.682,0.199,0.117,0.115
1350,2.067,1.997,2.026,1.837,1.772,1.811,1.97,2.035,2.013,2.037,0.265,2.049,2.026,1.658,0.118,0.116,2.02,1.986,2.042,1.85,1.737,1.814,1.874,1.959,2.069,2.031,1.818,2.08,1.994,1.824,0.12,0.118,2.044,2.011,2.036,1.835,1.748,1.55,1.959,1.892,2.007,1.996,1.931,2.062,1.696,1.789,0.119,0.12,1.983,1.957,2.018,1.852,1.754,1.819,1.976,1.872,2.036,2.01,1.227,2.05,1.929,1.806,0.119,0.127,0.169,0.17,0.242,0.17,0.164,0.188,0.188,0.14,0.196,0.183,0.171,0.223,0.773,0.182,0.121,0.116,0.165,0.172,0.176,0.163,0.166,0.196,0.212,0.186,0.189,0.198,0.171,0.27,0.768,0.197,0.117,0.115
1395,2.071,1.997,2.027,1.856,1.791,1.821,1.97,2.034,2.014,2.039,0.285,2.051,2.029,1.715,0.118,0.116,2.022,1.986,2.044,1.861,1.766,1.824,1.877,1.959,2.071,2.033,1.835,2.08,1.995,1.83,0.12,0.118,2.045,2.012,2.037,1.846,1.765,1.588,1.962,1.894,2.01,1.998,1.942,2.063,1.702,1.797,0.119,0.12,1.985,1.958,2.021,1.86,1.762,1.825,1.978,1.873,2.037,2.011,1.312,2.051,1.93,1.82,0.119,0.126,0.174,0.172,0.252,0.171,0.166,0.191,0.192,0.14,0.2,0.185,0.173,0.232,0.862,0.186,0.124,0.116,0.168,0.176,0.178,0.165,0.167,0.138,0.217,0.189,0.184,0.202,0.175,0.281,0.862,0.212,0.117,0.115
1440,2.073,1.997,2.029,1.866,1.798,1.828,1.971,2.031,2.016,2.04,0.304,2.052,2.029,1.756,0.118,0.116,2.024,1.988,2.045,1.867,1.782,1.831,1.879,1.961,2.072,2.034,1.846,2.082,1.997,1.836,0.12,0.118,2.047,2.013,2.039,1.851,1.774,1.61,1.962,1.895,2.011,2.001,1.948,2.064,1.707,1.805,0.119,0.12,1.987,1.96,2.021,1.863,1.767,1.83,1.979,1.875,2.038,2.013,1.372,2.052,1.932,1.831,0.119,0.125,0.179,0.175,0.26,0.172,0.168,0.197,0.196,0.141,0.204,0.19,0.178,0.237,0.98,0.19,0.122,0.116,0.172,0.18,0.183,0.166,0.172,0.134,0.223,0.193,0.18,0.206,0.18,0.294,0.963,0.225,0.117,0.115
1485,2.073,1.997,2.03,1.87,1.801,1.832,1.972,2.03,2.017,2.042,0.324,2.054,2.03,1.781,0.118,0.116,2.026,1.989,2.047,1.871,1.79,1.836,1.881,1.961,2.074,2.036,1.855,2.082,1.999,1.84,0.12,0.119,2.048,2.013,2.04,1.854,1.779,1.625,1.964,1.897,2.014,2.003,1.953,2.065,1.711,1.811,0.119,0.12,1.99,1.961,2.023,1.865,1.77,1.834,1.981,1.876,2.04,2.015,1.418,2.052,1.933,1.838,0.119,0.124,0.183,0.179,0.269,0.174,0.171,0.202,0.201,0.143,0.209,0.193,0.182,0.248,1.1,0.196,0.123,0.116,0.176,0.184,0.184,0.167,0.179,0.254,0.229,0.199,0.217,0.21,0.185,0.311,1.081,0.242,0.117,0.115
1530,2.073,1.997,2.031,1.872,1.804,1.837,1.972,2.028,2.019,2.043,0.347,2.055,2.031,1.796,0.118,0.116,2.028,1.99,2.049,1.872,1.795,1.841,1.88,1.962,2.075,2.037,1.862,2.083,2.001,1.845,0.12,0.118,2.05,2.014,2.042,1.856,1.783,1.636,1.965,1.898,2.015,2.005,1.957,2.066,1.715,1.814,0.119,0.12,1.992,1.963,2.025,1.867,1.772,1.838,1.982,1.878,2.041,2.017,1.441,2.055,1.935,1.845,0.119,0.124,0.185,0.182,0.278,0.175,0.174,0.215,0.207,0.145,0.214,0.197,0.19,0.256,1.26,0.2,0.124,0.116,0.18,0.188,0.182,0.168,0.182,0.169,0.236,0.206,0.232,0.215,0.193,0.325,1.207,0.265,0.117,0.115
1575,2.074,1.998,2.033,1.874,1.805,1.841,1.973,2.026,2.02,2.046,0.372,2.056,2.032,1.807,0.118,0.116,2.029,1.991,2.05,1.874,1.797,1.845,1.885,1.963,2.076,2.039,1.866,2.084,2.002,1.848,0.12,0.119,2.05,2.015,2.043,1.858,1.785,1.645,1.967,1.899,2.017,2.008,1.962,2.067,1.718,1.819,0.119,0.12,1.994,1.964,2.026,1.868,1.774,1.843,1.984,1.881,2.043,2.019,1.446,2.057,1.937,1.85,0.119,0.123,0.189,0.186,0.289,0.178,0.176,0.228,0.212,0.148,0.219,0.201,0.197,0.266,1.411,0.204,0.123,0.115,0.185,0.194,0.183,0.171,0.189,0.123,0.244,0.213,0.22,0.22,0.2,0.339,1.34,0.301,0.117,0.115
1620,2.074,1.998,2.034,1.875,1.806,1.844,1.974,2.025,2.022,2.046,0.396,2.058,2.033,1.814,0.118,0.116,2.031,1.992,2.051,1.875,1.799,1.85,1.885,1.964,2.077,2.041,1.874,2.085,2.004,1.852,0.12,0.118,2.052,2.016,2.044,1.858,1.787,1.653,1.969,1.9,2.019,2.009,1.965,2.068,1.722,1.824,0.119,0.12,1.996,1.966,2.028,1.869,1.774,1.846,1.985,1.881,2.044,2.021,1.453,2.058,1.938,1.854,0.119,0.123,0.193,0.19,0.301,0.18,0.179,0.232,0.218,0.151,0.225,0.206,0.203,0.275,1.567,0.21,0.122,0.115,0.185,0.196,0.182,0.172,0.195,0.196,0.252,0.219,0.18,0.226,0.209,0.361,1.479,0.31,0.117,0.115
1665,2.073,1.998,2.035,1.876,1.806,1.847,1.974,2.022,2.023,2.048,0.423,2.059,2.034,1.82,0.118,0.116,2.032,1.993,2.053,1.876,1.8,1.854,1.887,1.964,2.079,2.042,1.88,2.087,2.005,1.856,0.12,0.118,2.054,2.017,2.046,1.86,1.789,1.659,1.97,1.901,2.02,2.012,1.969,2.07,1.725,1.828,0.12,0.12,1.999,1.967,2.03,1.87,1.776,1.849,1.986,1.883,2.045,2.022,1.458,2.06,1.94,1.857,0.119,0.129,0.196,0.195,0.316,0.181,0.183,0.226,0.226,0.154,0.233,0.209,0.215,0.286,1.704,0.213,0.124,0.115,0.19,0.2,0.186,0.174,0.203,0.146,0.261,0.231,0.245,0.232,0.219,0.381,1.601,0.284,0.117,0.114
1710,2.073,1.999,2.036,1.877,1.807,1.851,1.975,2.021,2.025,2.05,0.452,2.061,2.035,1.825,0.118,0.116,2.034,1.994,2.054,1.878,1.802,1.857,1.891,1.966,2.08,2.044,1.888,2.088,2.007,1.86,0.12,0.118,2.055,2.018,2.047,1.861,1.791,1.666,1.972,1.902,2.022,2.013,1.972,2.071,1.729,1.832,0.119,0.12,1.999,1.969,2.031,1.871,1.777,1.854,1.988,1.885,2.046,2.024,1.478,2.061,1.942,1.862,0.119,0.124,0.214,0.2,0.331,0.183,0.187,0.241,0.233,0.164,0.242,0.216,0.225,0.303,1.804,0.221,0.124,0.115,0.197,0.204,0.197,0.176,0.212,0.118,0.272,0.257,0.232,0.24,0.232,0.406,1.715,0.33,0.117,0.114
1755,2.072,1.998,2.037,1.878,1.808,1.854,1.976,2.018,2.026,2.051,0.48,2.062,2.037,1.829,0.118,0.116,2.035,1.995,2.055,1.879,1.802,1.861,1.892,1.967,2.081,2.046,1.896,2.089,2.009,1.863,0.12,0.118,2.056,2.019,2.049,1.861,1.792,1.671,1.973,1.904,2.024,2.016,1.974,2.072,1.731,1.835,0.119,0.12,2.002,1.97,2.033,1.872,1.78,1.857,1.99,1.886,2.047,2.026,1.474,2.063,1.944,1.866,0.119,0.124,0.225,0.205,0.347,0.184,0.192,0.232,0.24,0.171,0.251,0.225,0.242,0.319,1.877,0.23,0.124,0.115,0.207,0.212,0.201,0.177,0.221,0.137,0.283,0.281,0.302,0.243,0.245,0.432,1.798,0.415,0.117,0.114
1800,2.073,1.998,2.039,1.879,1.809,1.857,1.977,2.015,2.027,2.052,0.516,2.064,2.038,1.833,0.118,0.115,2.037,1.996,2.056,1.879,1.804,1.864,1.894,1.967,2.082,2.047,1.893,2.089,2.01,1.867,0.12,0.118,2.057,2.019,2.05,1.863,1.794,1.676,1.974,1.903,2.025,2.018,1.978,2.073,1.735,1.839,0.119,0.12,2.004,1.971,2.034,1.873,1.78,1.86,1.99,1.887,2.049,2.027,1.47,2.063,1.945,1.869,0.119,0.121,0.203,0.212,0.359,0.187,0.197,0.251,0.249,0.176,0.258,0.23,0.256,0.336,1.933,0.237,0.124,0.115,0.224,0.217,0.194,0.178,0.229,0.15,0.296,0.296,0.198,0.249,0.26,0.466,1.861,0.446,0.117,0.114
1845,2.073,1.999,2.039,1.88,1.81,1.861,1.979,2.012,2.028,2.054,0.551,2.065,2.038,1.838,0.118,0.115,2.038,1.996,2.057,1.88,1.806,1.868,1.896,1.969,2.083,2.049,1.9,2.091,2.013,1.87,0.12,0.118,2.058,2.02,2.052,1.864,1.797,1.681,1.976,1.905,2.027,2.019,1.982,2.074,1.739,1.844,0.119,0.12,2.005,1.973,2.036,1.874,1.782,1.863,1.993,1.888,2.05,2.029,1.494,2.065,1.948,1.873,0.119,0.121,0.253,0.22,0.381,0.191,0.202,0.302,0.259,0.191,0.269,0.239,0.275,0.352,1.972,0.245,0.123,0.115,0.226,0.227,0.19,0.181,0.241,0.292,0.311,0.304,0.178,0.262,0.285,0.504,1.904,0.486,0.117,0.114
1890,2.072,1.999,2.04,1.88,1.81,1.863,1.979,2.008,2.029,2.055,0.589,2.066,2.04,1.841,0.118,0.115,2.039,1.997,2.059,1.881,1.806,1.871,1.898,1.97,2.084,2.051,1.905,2.091,2.013,1.874,0.119,0.117,2.059,2.021,2.053,1.865,1.798,1.686,1.977,1.907,2.028,2.02,1.984,2.075,1.742,1.845,0.119,0.12,2.007,1.974,2.037,1.875,1.783,1.867,1.994,1.889,2.051,2.031,1.5,2.067,1.949,1.876,0.119,0.122,0.256,0.225,0.395,0.191,0.207,0.31,0.271,0.204,0.281,0.246,0.296,0.373,2.004,0.257,0.123,0.115,0.233,0.232,0.206,0.183,0.255,0.393,0.329,0.328,0.233,0.274,0.311,0.537,1.926,0.526,0.117,0.114
1935,2.072,1.999,2.041,1.881,1.811,1.865,1.98,2,2.029,2.056,0.619,2.068,2.041,1.845,0.118,0.115,2.04,1.998,2.06,1.882,1.808,1.875,1.898,1.971,2.085,2.052,1.909,2.093,2.015,1.877,0.12,0.118,2.06,2.022,2.054,1.866,1.8,1.691,1.978,1.907,2.03,2.022,1.986,2.077,1.746,1.849,0.119,0.119,2.009,1.975,2.038,1.876,1.784,1.87,1.995,1.891,2.052,2.033,1.5,2.068,1.951,1.88,0.119,0.122,0.16,0.235,0.412,0.194,0.213,0.318,0.284,0.225,0.292,0.255,0.323,0.389,2.024,0.269,0.123,0.115,0.252,0.242,0.214,0.186,0.27,0.291,0.349,0.358,0.373,0.283,0.345,0.578,1.937,0.598,0.117,0.114
1980,2.072,1.999,2.042,1.882,1.811,1.867,1.981,1.98,2.031,2.058,0.661,2.069,2.042,1.849,0.118,0.115,2.041,1.999,2.062,1.883,1.809,1.877,1.901,1.973,2.086,2.053,1.911,2.094,2.018,1.88,0.12,0.118,2.062,2.023,2.055,1.867,1.802,1.696,1.979,1.908,2.031,2.024,1.989,2.078,1.748,1.852,0.119,0.12,2.011,1.977,2.039,1.877,1.786,1.873,1.997,1.891,2.053,2.035,1.52,2.07,1.953,1.883,0.119,0.122,0.307,0.243,0.431,0.196,0.22,0.344,0.298,0.239,0.303,0.269,0.351,0.421,2.037,0.274,0.122,0.115,0.27,0.253,0.231,0.187,0.287,0.12,0.372,0.365,0.394,0.299,0.385,0.624,1.943,0.665,0.117,0.114
2025,2.072,2,2.043,1.883,1.813,1.87,1.983,1.977,2.032,2.059,0.695,2.07,2.043,1.853,0.118,0.115,2.042,2,2.062,1.884,1.81,1.881,1.901,1.974,2.087,2.054,1.917,2.094,2.019,1.883,0.12,0.118,2.062,2.024,2.056,1.868,1.804,1.7,1.981,1.91,2.033,2.026,1.991,2.079,1.752,1.857,0.119,0.119,2.012,1.978,2.041,1.879,1.788,1.876,1.998,1.892,2.054,2.036,1.52,2.071,1.955,1.886,0.119,0.123,0.151,0.254,0.464,0.201,0.229,0.352,0.31,0.242,0.31,0.278,0.379,0.45,2.042,0.293,0.123,0.115,0.3,0.261,0.202,0.19,0.305,0.119,0.398,0.465,0.208,0.312,0.436,0.68,1.946,0.729,0.116,0.114
2070,2.072,2.001,2.044,1.883,1.813,1.872,1.984,1.989,2.032,2.06,0.727,2.071,2.044,1.856,0.118,0.115,2.043,2.001,2.064,1.885,1.811,1.884,1.904,1.974,2.088,2.056,1.92,2.095,2.021,1.885,0.119,0.118,2.063,2.024,2.057,1.869,1.805,1.704,1.982,1.911,2.034,2.027,1.994,2.08,1.755,1.859,0.12,0.119,2.014,1.98,2.042,1.879,1.789,1.879,2,1.893,2.055,2.038,1.513,2.071,1.956,1.889,0.119,0.123,0.282,0.263,0.493,0.202,0.238,0.343,0.329,0.31,0.324,0.292,0.427,0.484,2.046,0.311,0.124,0.115,0.319,0.268,0.227,0.192,0.326,0.138,0.427,0.467,0.422,0.301,0.498,0.752,1.946,0.808,0.116,0.113
2115,2.072,2.001,2.045,1.883,1.814,1.875,1.984,2.002,2.034,2.062,0.744,2.073,2.046,1.86,0.118,0.115,2.044,2.002,2.065,1.885,1.813,1.887,1.904,1.976,2.089,2.057,1.923,2.096,2.022,1.888,0.119,0.117,2.064,2.025,2.059,1.87,1.807,1.707,1.983,1.914,2.035,2.028,1.997,2.081,1.758,1.863,0.119,0.119,2.015,1.98,2.043,1.88,1.79,1.882,2,1.893,2.056,2.039,1.536,2.072,1.958,1.892,0.119,0.123,0.362,0.275,0.518,0.204,0.253,0.397,0.349,0.317,0.34,0.304,0.472,0.505,2.047,0.331,0.123,0.115,0.326,0.275,0.254,0.194,0.35,0.131,0.46,0.54,0.554,0.343,0.573,0.839,1.952,0.876,0.116,0.113
2160,2.071,2.002,2.045,1.884,1.815,1.877,1.984,2.003,2.035,2.063,0.761,2.074,2.047,1.863,0.118,0.115,2.046,2.003,2.066,1.887,1.814,1.889,1.907,1.977,2.089,2.059,1.925,2.097,2.024,1.891,0.119,0.117,2.065,2.026,2.059,1.871,1.808,1.712,1.984,1.914,2.036,2.03,1.999,2.082,1.761,1.865,0.119,0.119,2.017,1.982,2.045,1.881,1.792,1.884,2.001,1.894,2.056,2.041,1.535,2.074,1.96,1.895,0.119,0.122,0.321,0.293,0.548,0.205,0.272,0.434,0.372,0.38,0.354,0.313,0.529,0.547,2.048,0.35,0.124,0.115,0.367,0.286,0.172,0.198,0.382,0.168,0.499,0.656,0.309,0.356,0.652,0.932,1.951,0.93,0.116,0.113
2205,2.071,2.001,2.046,1.884,1.816,1.879,1.984,2.001,2.036,2.064,0.769,2.075,2.049,1.865,0.118,0.115,2.046,2.004,2.067,1.888,1.815,1.892,1.907,1.978,2.09,2.06,1.926,2.098,2.025,1.894,0.119,0.118,2.066,2.027,2.061,1.872,1.81,1.716,1.986,1.916,2.038,2.031,2.001,2.083,1.764,1.869,0.119,0.119,2.018,1.983,2.046,1.881,1.793,1.887,2.003,1.895,2.057,2.042,1.531,2.076,1.962,1.898,0.119,0.121,0.383,0.31,0.583,0.21,0.284,0.494,0.4,0.413,0.377,0.329,0.593,0.578,2.048,0.388,0.123,0.115,0.421,0.298,0.359,0.2,0.411,0.181,0.543,0.752,0.488,0.374,0.747,1.042,1.953,1.019,0.116,0.113
2250,2.07,2.002,2.047,1.885,1.817,1.881,1.986,1.993,2.037,2.066,0.776,2.076,2.049,1.868,0.118,0.115,2.047,2.004,2.068,1.888,1.816,1.895,1.911,1.977,2.091,2.061,1.93,2.099,2.027,1.897,0.119,0.117,2.066,2.027,2.062,1.873,1.812,1.72,1.986,1.918,2.038,2.033,2.002,2.084,1.766,1.871,0.119,0.119,2.019,1.984,2.047,1.883,1.793,1.889,2.004,1.895,2.058,2.043,1.548,2.076,1.963,1.901,0.119,0.122,0.153,0.328,0.618,0.213,0.299,0.572,0.427,0.322,0.405,0.35,0.682,0.623,2.05,0.428,0.123,0.115,0.407,0.306,0.267,0.202,0.447,0.38,0.598,0.8,0.632,0.391,0.862,1.165,1.957,1.109,0.116,0.113
2295,2.07,2.002,2.047,1.885,1.817,1.883,1.986,1.984,2.037,2.067,0.783,2.077,2.051,1.872,0.117,0.115,2.048,2.006,2.07,1.889,1.817,1.898,1.912,1.978,2.092,2.062,1.935,2.1,2.028,1.899,0.119,0.117,2.067,2.029,2.063,1.874,1.813,1.723,1.987,1.919,2.04,2.035,2.005,2.085,1.769,1.874,0.119,0.119,2.021,1.985,2.049,1.884,1.795,1.893,2.004,1.895,2.059,2.044,1.55,2.077,1.964,1.903,0.119,0.121,0.357,0.348,0.675,0.212,0.318,0.61,0.46,0.352,0.426,0.366,0.781,0.661,2.05,0.456,0.122,0.115,0.425,0.319,0.159,0.204,0.493,0.425,0.658,0.86,0.7,0.345,0.981,1.292,1.951,1.191,0.116,0.113
2340,2.07,2.004,2.048,1.885,1.818,1.885,1.985,1.966,2.038,2.067,0.787,2.078,2.051,1.875,0.118,0.115,2.049,2.006,2.07,1.89,1.818,1.9,1.911,1.978,2.092,2.063,1.935,2.101,2.03,1.902,0.119,0.116,2.068,2.029,2.064,1.875,1.815,1.727,1.988,1.921,2.041,2.035,2.007,2.086,1.772,1.877,0.12,0.119,2.022,1.987,2.05,1.884,1.796,1.895,2.005,1.895,2.059,2.046,1.555,2.079,1.967,1.906,0.119,0.12,0.489,0.37,0.725,0.217,0.338,0.645,0.495,0.443,0.452,0.382,0.879,0.712,2.05,0.489,0.121,0.115,0.402,0.336,0.475,0.208,0.544,0.457,0.728,0.962,0.619,0.423,1.102,1.41,1.953,1.282,0.116,0.113
2385,2.07,2.004,2.049,1.886,1.819,1.887,1.986,1.948,2.038,2.069,0.795,2.079,2.052,1.877,0.118,0.115,2.05,2.007,2.071,1.891,1.82,1.903,1.913,1.979,2.093,2.064,1.939,2.102,2.032,1.904,0.119,0.117,2.069,2.03,2.065,1.875,1.816,1.73,1.989,1.921,2.042,2.037,2.009,2.087,1.775,1.88,0.119,0.119,2.023,1.987,2.051,1.885,1.797,1.897,2.006,1.895,2.06,2.047,1.558,2.08,1.968,1.909,0.119,0.12,0.465,0.395,0.783,0.217,0.365,0.684,0.541,0.383,0.481,0.411,1.002,0.789,2.051,0.522,0.12,0.115,0.496,0.354,0.465,0.209,0.604,0.572,0.812,1.037,0.764,0.357,1.223,1.516,1.954,1.384,0.116,0.112
2430,2.068,2.005,2.049,1.886,1.819,1.889,1.986,1.927,2.039,2.07,0.802,2.08,2.054,1.88,0.117,0.115,2.05,2.008,2.073,1.891,1.821,1.905,1.916,1.979,2.094,2.066,1.942,2.102,2.033,1.906,0.119,0.116,2.069,2.03,2.066,1.876,1.817,1.734,1.99,1.923,2.043,2.039,2.012,2.088,1.776,1.882,0.119,0.119,2.024,1.989,2.052,1.886,1.798,1.9,2.008,1.896,2.061,2.049,1.566,2.081,1.97,1.911,0.119,0.121,0.446,0.422,0.861,0.22,0.394,0.721,0.586,0.518,0.508,0.436,1.122,0.866,2.051,0.548,0.122,0.114,0.577,0.379,0.538,0.212,0.665,0.605,0.911,1.088,0.843,0.405,1.34,1.609,1.955,1.473,0.116,0.112
2475,2.068,2.005,2.05,1.886,1.82,1.891,1.985,1.893,2.04,2.071,0.804,2.082,2.054,1.883,0.117,0.115,2.051,2.009,2.073,1.893,1.822,1.907,1.915,1.977,2.094,2.067,1.943,2.104,2.035,1.908,0.119,0.116,2.07,2.03,2.067,1.877,1.819,1.736,1.992,1.922,2.044,2.04,2.013,2.088,1.78,1.884,0.119,0.119,2.025,1.99,2.053,1.887,1.8,1.902,2.008,1.893,2.061,2.049,1.581,2.082,1.972,1.912,0.119,0.123,0.621,0.452,0.954,0.221,0.429,0.75,0.642,0.548,0.531,0.47,1.241,0.984,2.051,0.591,0.121,0.114,0.603,0.407,0.511,0.216,0.734,0.681,1.023,1.152,0.852,0.483,1.44,1.682,1.955,1.551,0.116,0.112
2520,2.067,2.005,2.051,1.886,1.82,1.892,1.986,1.881,2.04,2.072,0.817,2.082,2.056,1.885,0.117,0.114,2.052,2.009,2.074,1.893,1.823,1.91,1.917,1.979,2.095,2.068,1.946,2.104,2.035,1.911,0.119,0.117,2.071,2.031,2.068,1.878,1.821,1.74,1.992,1.923,2.044,2.041,2.016,2.09,1.783,1.886,0.119,0.119,2.026,1.99,2.055,1.888,1.8,1.904,2.009,1.893,2.062,2.051,1.569,2.084,1.972,1.916,0.119,0.124,0.634,0.486,1.052,0.223,0.464,0.782,0.713,0.531,0.572,0.513,1.36,1.109,2.052,0.65,0.121,0.114,0.655,0.435,0.398,0.218,0.824,0.781,1.134,1.277,1.011,0.479,1.517,1.745,1.954,1.629,0.116,0.112
2565,2.066,2.006,2.051,1.887,1.821,1.894,1.984,1.856,2.041,2.072,0.827,2.084,2.057,1.887,0.117,0.114,2.053,2.011,2.076,1.894,1.824,1.912,1.919,1.978,2.096,2.069,1.947,2.105,2.037,1.913,0.119,0.117,2.071,2.032,2.069,1.879,1.822,1.743,1.993,1.923,2.046,2.042,2.017,2.091,1.784,1.888,0.119,0.119,2.027,1.992,2.056,1.888,1.802,1.907,2.01,1.893,2.063,2.052,1.576,2.084,1.974,1.918,0.119,0.12,0.723,0.529,1.147,0.229,0.505,0.82,0.794,0.625,0.62,0.563,1.453,1.229,2.052,0.71,0.122,0.114,0.753,0.458,0.436,0.221,0.914,0.872,1.251,1.216,0.907,0.594,1.563,1.792,1.956,1.691,0.116,0.112
2610,2.064,2.006,2.051,1.887,1.822,1.895,1.985,1.867,2.043,2.074,0.832,2.084,2.058,1.889,0.117,0.114,2.054,2.01,2.076,1.894,1.825,1.914,1.919,1.978,2.096,2.07,1.95,2.105,2.038,1.915,0.119,0.116,2.072,2.033,2.07,1.879,1.823,1.746,1.994,1.923,2.046,2.044,2.018,2.091,1.787,1.892,0.12,0.118,2.029,1.992,2.056,1.889,1.803,1.909,2.011,1.892,2.063,2.053,1.587,2.085,1.976,1.92,0.119,0.125,0.783,0.581,1.253,0.234,0.554,0.879,0.874,0.624,0.661,0.61,1.533,1.349,2.054,0.77,0.121,0.114,0.767,0.488,0.608,0.224,1.013,0.94,1.362,1.35,1.085,0.633,1.585,1.831,1.957,1.743,0.116,0.112
2655,2.059,2.007,2.052,1.887,1.822,1.897,1.984,1.831,2.042,2.075,0.839,2.086,2.06,1.893,0.117,0.114,2.054,2.011,2.077,1.895,1.826,1.916,1.92,1.978,2.097,2.071,1.951,2.106,2.04,1.917,0.119,0.117,2.072,2.034,2.071,1.88,1.824,1.749,1.995,1.923,2.047,2.045,2.02,2.092,1.79,1.893,0.119,0.118,2.029,1.994,2.057,1.89,1.804,1.911,2.012,1.891,2.064,2.054,1.585,2.086,1.976,1.923,0.119,0.122,0.779,0.637,1.365,0.236,0.607,0.956,0.967,0.773,0.711,0.671,1.583,1.468,2.054,0.836,0.121,0.114,0.81,0.533,0.615,0.226,1.115,1.028,1.466,1.415,1.122,0.74,1.597,1.861,1.957,1.79,0.116,0.111
2700,2.053,2.007,2.052,1.887,1.823,1.898,1.983,1.798,2.043,2.076,0.848,2.086,2.06,1.894,0.117,0.114,2.055,2.012,2.079,1.896,1.827,1.919,1.921,1.978,2.097,2.073,1.955,2.108,2.042,1.919,0.119,0.116,2.073,2.034,2.072,1.881,1.826,1.752,1.996,1.925,2.048,2.046,2.022,2.093,1.792,1.895,0.119,0.119,2.031,1.995,2.058,1.89,1.805,1.913,2.012,1.892,2.064,2.056,1.596,2.087,1.98,1.925,0.119,0.124,0.87,0.705,1.47,0.239,0.661,1.036,1.073,0.757,0.752,0.739,1.61,1.568,2.054,0.915,0.122,0.114,0.848,0.575,0.702,0.231,1.223,1.114,1.537,1.54,1.15,0.629,1.603,1.879,1.959,1.824,0.116,0.112
2745,2.037,2.007,2.053,1.887,1.823,1.9,1.983,1.836,2.043,2.077,0.853,2.087,2.061,1.897,0.117,0.114,2.055,2.013,2.079,1.897,1.828,1.921,1.923,1.977,2.098,2.074,1.96,2.108,2.043,1.921,0.119,0.117,2.073,2.035,2.073,1.882,1.827,1.755,1.996,1.923,2.049,2.047,2.024,2.094,1.794,1.898,0.119,0.119,2.031,1.996,2.06,1.891,1.806,1.915,2.014,1.891,2.065,2.057,1.601,2.088,1.981,1.927,0.119,0.124,0.814,0.786,1.567,0.236,0.713,1.127,1.189,0.768,0.802,0.81,1.625,1.651,2.054,1.012,0.123,0.114,0.934,0.633,0.757,0.235,1.324,1.203,1.576,1.661,1.252,0.74,1.609,1.889,1.96,1.854,0.116,0.111
2790,2.017,2.007,2.053,1.887,1.825,1.901,1.982,1.822,2.044,2.077,0.856,2.088,2.062,1.899,0.117,0.114,2.056,2.014,2.08,1.897,1.829,1.922,1.924,1.976,2.098,2.075,1.962,2.109,2.044,1.923,0.119,0.116,2.074,2.035,2.074,1.883,1.829,1.757,1.997,1.924,2.05,2.048,2.025,2.095,1.797,1.9,0.119,0.118,2.032,1.996,2.06,1.892,1.807,1.917,2.015,1.889,2.065,2.058,1.603,2.089,1.981,1.929,0.119,0.121,0.874,0.883,1.652,0.242,0.79,1.221,1.308,0.9,0.866,0.895,1.632,1.712,2.055,1.106,0.122,0.114,1.018,0.696,0.795,0.237,1.426,1.298,1.596,1.671,1.29,0.97,1.611,1.895,1.961,1.874,0.116,0.111
2835,2.015,2.007,2.053,1.887,1.825,1.903,1.981,1.774,2.044,2.079,0.868,2.089,2.064,1.901,0.117,0.114,2.057,2.014,2.082,1.898,1.831,1.924,1.926,1.976,2.099,2.075,1.96,2.11,2.045,1.925,0.119,0.116,2.074,2.036,2.075,1.883,1.83,1.76,1.999,1.923,2.05,2.05,2.026,2.095,1.799,1.902,0.12,0.118,2.033,1.997,2.061,1.893,1.808,1.92,2.015,1.887,2.066,2.059,1.606,2.09,1.984,1.932,0.119,0.126,1.002,0.988,1.722,0.246,0.863,1.317,1.427,1.003,0.941,0.999,1.638,1.764,2.055,1.211,0.121,0.114,1.127,0.765,0.858,0.241,1.536,1.393,1.607,1.726,1.278,1.034,1.614,1.899,1.963,1.887,0.116,0.111
2880,2.007,2.007,2.054,1.887,1.826,1.904,1.98,1.756,2.045,2.079,0.876,2.09,2.065,1.903,0.117,0.114,2.057,2.015,2.082,1.898,1.831,1.927,1.927,1.975,2.099,2.077,1.963,2.111,2.046,1.926,0.119,0.117,2.074,2.037,2.076,1.884,1.831,1.762,1.998,1.924,2.051,2.051,2.03,2.096,1.801,1.904,0.119,0.118,2.034,1.998,2.062,1.893,1.809,1.92,2.016,1.887,2.066,2.061,1.602,2.091,1.984,1.933,0.119,0.123,0.891,1.103,1.778,0.249,0.946,1.412,1.526,1.107,1.046,1.084,1.642,1.804,2.056,1.317,0.122,0.114,1.23,0.844,0.932,0.243,1.628,1.478,1.612,1.755,1.374,0.963,1.617,1.901,1.961,1.895,0.116,0.111
2925,2.024,2.007,2.054,1.887,1.827,1.905,1.978,1.73,2.046,2.08,0.877,2.091,2.065,1.905,0.117,0.114,2.057,2.015,2.083,1.899,1.833,1.928,1.927,1.975,2.099,2.077,1.967,2.112,2.048,1.928,0.119,0.116,2.075,2.036,2.076,1.885,1.832,1.764,2,1.923,2.051,2.052,2.029,2.097,1.804,1.906,0.119,0.118,2.034,1.999,2.063,1.894,1.811,1.923,2.017,1.883,2.067,2.061,1.62,2.091,1.986,1.935,0.119,0.125,1.233,1.222,1.829,0.253,1.036,1.516,1.624,1.152,1.17,1.194,1.644,1.833,2.057,1.425,0.123,0.114,1.356,0.931,1.018,0.245,1.706,1.568,1.616,1.823,1.456,1.073,1.62,1.904,1.962,1.9,0.116,0.111
2970,2.036,2.007,2.054,1.888,1.827,1.907,1.978,1.685,2.045,2.082,0.887,2.092,2.067,1.907,0.117,0.114,2.058,2.016,2.084,1.9,1.834,1.93,1.928,1.975,2.1,2.078,1.966,2.111,2.049,1.93,0.119,0.116,2.075,2.038,2.077,1.885,1.834,1.767,2,1.921,2.052,2.053,2.031,2.097,1.806,1.908,0.119,0.118,2.035,2,2.064,1.895,1.812,1.925,2.018,1.88,2.067,2.063,1.618,2.092,1.987,1.937,0.119,0.124,1.125,1.346,1.868,0.262,1.149,1.61,1.709,1.175,1.288,1.311,1.647,1.853,2.057,1.518,0.121,0.114,1.467,1.02,1.121,0.249,1.772,1.649,1.62,1.887,1.442,1.26,1.622,1.906,1.962,1.904,0.116,0.11
3015,2.037,2.007,2.055,1.888,1.828,1.908,1.977,1.624,2.047,2.081,0.886,2.092,2.067,1.909,0.117,0.114,2.059,2.017,2.085,1.9,1.834,1.932,1.93,1.973,2.101,2.08,1.969,2.113,2.05,1.932,0.119,0.116,2.075,2.038,2.078,1.886,1.835,1.77,2.001,1.922,2.053,2.054,2.033,2.098,1.808,1.91,0.119,0.118,2.036,2.001,2.065,1.895,1.812,1.926,2.018,1.876,2.068,2.063,1.618,2.093,1.989,1.939,0.119,0.12,1.4,1.469,1.902,0.262,1.251,1.683,1.778,1.249,1.404,1.438,1.649,1.864,2.058,1.603,0.12,0.114,1.568,1.128,1.222,0.253,1.821,1.716,1.623,1.896,1.38,1.299,1.625,1.908,1.965,1.906,0.116,0.11
3060,2.04,2.006,2.055,1.887,1.829,1.909,1.976,1.529,2.047,2.083,0.893,2.093,2.068,1.91,0.117,0.114,2.059,2.018,2.086,1.901,1.835,1.933,1.93,1.972,2.101,2.08,1.971,2.113,2.051,1.933,0.119,0.116,2.076,2.038,2.079,1.887,1.836,1.772,2.002,1.921,2.053,2.055,2.034,2.099,1.81,1.911,0.119,0.118,2.037,2.001,2.066,1.896,1.813,1.928,2.019,1.872,2.068,2.064,1.63,2.095,1.99,1.941,0.119,0.126,1.524,1.574,1.931,0.264,1.36,1.745,1.831,1.281,1.506,1.552,1.65,1.873,2.058,1.669,0.12,0.114,1.656,1.227,1.331,0.259,1.865,1.783,1.624,1.899,1.499,1.279,1.627,1.91,1.964,1.909,0.116,0.11
3105,2.039,2.005,2.055,1.888,1.83,1.91,1.974,1.516,2.047,2.084,0.898,2.094,2.069,1.912,0.117,0.114,2.06,2.018,2.086,1.902,1.836,1.935,1.931,1.97,2.101,2.081,1.971,2.114,2.052,1.935,0.119,0.115,2.076,2.039,2.08,1.887,1.838,1.774,2.003,1.92,2.054,2.056,2.035,2.1,1.811,1.914,0.119,0.118,2.037,2.002,2.067,1.897,1.815,1.929,2.02,1.866,2.068,2.066,1.622,2.095,1.991,1.943,0.119,0.121,1.576,1.671,1.953,0.271,1.458,1.791,1.863,1.461,1.593,1.653,1.655,1.877,2.059,1.721,0.12,0.113,1.723,1.335,1.436,0.263,1.903,1.836,1.627,1.901,1.57,1.617,1.63,1.91,1.966,1.91,0.116,0.109
3150,2.03,2.005,2.055,1.888,1.831,1.912,1.972,1.431,2.047,2.084,0.901,2.095,2.07,1.914,0.117,0.113,2.06,2.018,2.087,1.902,1.837,1.937,1.931,1.969,2.102,2.082,1.973,2.115,2.054,1.937,0.12,0.117,2.077,2.04,2.08,1.888,1.839,1.776,2.004,1.92,2.054,2.057,2.037,2.1,1.813,1.916,0.119,0.118,2.038,2.003,2.067,1.898,1.815,1.931,2.021,1.859,2.069,2.066,1.628,2.095,1.993,1.944,0.119,0.127,1.621,1.754,1.966,0.278,1.569,1.827,1.883,1.495,1.665,1.732,1.657,1.882,2.059,1.763,0.12,0.114,1.772,1.434,1.534,0.269,1.94,1.88,1.627,1.894,1.709,1.66,1.632,1.912,1.967,1.912,0.116,0.109
3195,2.016,2.004,2.055,1.884,1.832,1.913,1.969,1.378,2.048,2.085,0.905,2.096,2.071,1.916,0.117,0.113,2.061,2.019,2.088,1.903,1.838,1.938,1.933,1.968,2.101,2.083,1.976,2.115,2.055,1.938,0.119,0.116,2.077,2.04,2.081,1.889,1.84,1.779,2.005,1.919,2.055,2.058,2.037,2.101,1.816,1.917,0.119,0.118,2.038,2.004,2.069,1.898,1.816,1.933,2.021,1.851,2.069,2.067,1.634,2.097,1.994,1.946,0.119,0.125,1.667,1.817,1.975,0.283,1.668,1.854,1.894,1.53,1.72,1.788,1.658,1.885,2.059,1.796,0.123,0.113,1.81,1.531,1.617,0.273,1.974,1.913,1.629,1.883,1.774,1.704,1.635,1.914,1.967,1.913,0.115,0.109
3240,1.999,2.002,2.055,1.881,1.833,1.915,1.969,1.327,2.049,2.086,0.913,2.096,2.071,1.917,0.117,0.113,2.06,2.019,2.089,1.903,1.839,1.94,1.933,1.967,2.102,2.084,1.974,2.116,2.056,1.94,0.119,0.116,2.077,2.041,2.082,1.89,1.842,1.781,2.004,1.918,2.055,2.059,2.039,2.102,1.818,1.918,0.119,0.118,2.039,2.005,2.069,1.898,1.817,1.935,2.022,1.84,2.07,2.068,1.623,2.098,1.995,1.947,0.118,0.124,1.707,1.857,1.98,0.288,1.742,1.873,1.896,1.645,1.765,1.824,1.662,1.887,2.06,1.818,0.122,0.113,1.835,1.614,1.679,0.279,2.002,1.934,1.631,1.871,1.807,1.751,1.636,1.915,1.968,1.915,0.115,0.109
3285,1.979,2.002,2.055,1.88,1.834,1.915,1.966,1.291,2.049,2.087,0.919,2.097,2.072,1.919,0.117,0.113,2.061,2.02,2.09,1.904,1.839,1.941,1.935,1.965,2.102,2.085,1.978,2.116,2.057,1.941,0.119,0.116,2.077,2.041,2.083,1.89,1.843,1.782,2.006,1.917,2.056,2.06,2.04,2.102,1.82,1.92,0.119,0.118,2.04,2.006,2.07,1.899,1.818,1.936,2.022,1.823,2.07,2.069,1.634,2.099,1.996,1.949,0.119,0.123,1.745,1.881,1.984,0.291,1.812,1.885,1.9,1.655,1.8,1.851,1.665,1.89,2.06,1.836,0.12,0.113,1.849,1.693,1.727,0.284,2.026,1.945,1.632,1.854,1.822,1.762,1.64,1.916,1.969,1.915,0.115,0.108
3330,1.965,2.001,2.055,1.878,1.835,1.917,1.963,1.253,2.049,2.087,0.924,2.097,2.073,1.92,0.117,0.113,2.062,2.02,2.091,1.905,1.841,1.943,1.934,1.963,2.103,2.085,1.98,2.117,2.058,1.942,0.12,0.116,2.078,2.042,2.084,1.891,1.844,1.785,2.006,1.915,2.056,2.061,2.04,2.103,1.822,1.922,0.119,0.117,2.04,2.006,2.071,1.9,1.819,1.937,2.022,1.793,2.07,2.07,1.641,2.1,1.997,1.951,0.118,0.121,1.782,1.894,1.986,0.295,1.867,1.894,1.901,1.731,1.823,1.864,1.666,1.893,2.061,1.847,0.12,0.113,1.857,1.762,1.765,0.291,2.041,1.953,1.634,1.832,1.842,1.805,1.643,1.918,1.97,1.917,0.115,0.108
3375,1.94,2,2.055,1.874,1.838,1.919,1.959,1.227,2.05,2.087,0.923,2.098,2.074,1.921,0.117,0.113,2.062,2.02,2.091,1.905,1.841,1.944,1.935,1.961,2.103,2.086,1.98,2.117,2.059,1.944,0.119,0.116,2.078,2.043,2.084,1.891,1.845,1.786,2.006,1.914,2.057,2.062,2.041,2.103,1.823,1.923,0.119,0.118,2.041,2.007,2.071,1.901,1.82,1.939,2.023,1.763,2.07,2.071,1.634,2.1,1.998,1.952,0.118,0.125,1.814,1.902,1.989,0.297,1.915,1.898,1.903,1.744,1.837,1.872,1.67,1.894,2.062,1.855,0.12,0.113,1.864,1.822,1.794,0.297,2.051,1.958,1.635,1.825,1.841,1.834,1.645,1.92,1.969,1.918,0.115,0.108
3420,1.92,1.999,2.055,1.875,1.839,1.92,1.957,1.194,2.05,2.089,0.93,2.099,2.074,1.923,0.117,0.113,2.063,2.021,2.092,1.906,1.843,1.945,1.936,1.958,2.103,2.087,1.982,2.118,2.061,1.945,0.119,0.114,2.078,2.042,2.085,1.892,1.846,1.789,2.007,1.914,2.057,2.063,2.043,2.104,1.825,1.926,0.119,0.117,2.042,2.008,2.072,1.901,1.82,1.94,2.024,1.73,2.071,2.072,1.64,2.101,2,1.954,0.118,0.124,1.843,1.906,1.99,0.306,1.954,1.902,1.904,1.805,1.844,1.878,1.671,1.897,2.062,1.859,0.12,0.113,1.868,1.875,1.813,0.307,2.056,1.959,1.637,1.832,1.839,1.856,1.648,1.921,1.972,1.919,0.115,0.108
3465,1.908,1.998,2.055,1.876,1.838,1.921,1.949,1.167,2.05,2.089,0.937,2.099,2.075,1.925,0.117,0.113,2.062,2.022,2.092,1.906,1.843,1.947,1.937,1.953,2.103,2.088,1.982,2.119,2.062,1.946,0.119,0.114,2.079,2.043,2.086,1.893,1.847,1.791,2.007,1.911,2.057,2.063,2.043,2.105,1.827,1.927,0.119,0.117,2.042,2.009,2.072,1.902,1.822,1.942,2.024,1.687,2.071,2.073,1.654,2.101,2.001,1.956,0.118,0.126,1.865,1.906,1.992,0.313,1.992,1.905,1.905,1.81,1.85,1.884,1.674,1.896,2.062,1.862,0.12,0.113,1.871,1.915,1.825,0.312,2.058,1.961,1.638,1.83,1.816,1.868,1.652,1.923,1.971,1.921,0.115,0.107
3510,1.883,1.996,2.055,1.876,1.837,1.922,1.938,1.14,2.05,2.089,0.94,2.101,2.075,1.926,0.117,0.113,2.063,2.022,2.093,1.907,1.844,1.948,1.938,1.946,2.104,2.088,1.983,2.12,2.062,1.948,0.119,0.114,2.079,2.043,2.087,1.893,1.848,1.792,2.008,1.91,2.058,2.063,2.045,2.106,1.829,1.928,0.119,0.117,2.042,2.009,2.073,1.903,1.823,1.944,2.025,1.631,2.071,2.073,1.647,2.102,2.001,1.956,0.118,0.118,1.881,1.908,1.993,0.317,2.023,1.908,1.906,1.817,1.854,1.886,1.675,1.9,2.062,1.865,0.12,0.113,1.873,1.942,1.833,0.322,2.059,1.962,1.639,1.812,1.813,1.875,1.655,1.924,1.971,1.922,0.115,0.107
3555,1.843,1.996,2.055,1.871,1.838,1.924,1.921,1.099,2.051,2.09,0.948,2.101,2.076,1.927,0.117,0.113,2.063,2.022,2.094,1.908,1.845,1.949,1.941,1.937,2.104,2.089,1.986,2.12,2.063,1.949,0.119,0.114,2.079,2.044,2.087,1.895,1.849,1.794,2.008,1.907,2.058,2.065,2.046,2.106,1.831,1.929,0.119,0.117,2.043,2.01,2.074,1.904,1.823,1.945,2.026,1.624,2.071,2.074,1.645,2.103,2.002,1.958,0.118,0.118,1.89,1.911,1.995,0.323,2.044,1.91,1.905,1.861,1.857,1.889,1.679,1.9,2.063,1.868,0.12,0.113,1.876,1.957,1.839,0.329,2.061,1.963,1.64,1.794,1.857,1.879,1.658,1.925,1.972,1.923,0.115,0.107
3600,1.85,1.994,2.055,1.865,1.841,1.925,1.935,1.06,2.051,2.091,0.951,2.102,2.077,1.929,0.117,0.112,2.063,2.023,2.094,1.909,1.846,1.95,1.94,1.924,2.104,2.09,1.987,2.121,2.063,1.95,0.119,0.114,2.079,2.044,2.087,1.895,1.851,1.796,2.01,1.905,2.059,2.066,2.047,2.107,1.832,1.93,0.119,0.117,2.043,2.011,2.074,1.904,1.824,1.946,2.026,1.685,2.072,2.075,1.663,2.104,2.003,1.959,0.118,0.118,1.897,1.912,1.996,0.328,2.061,1.912,1.908,1.901,1.859,1.893,1.682,1.902,2.064,1.869,0.12,0.113,1.879,1.965,1.843,0.335,2.059,1.964,1.641,1.85,1.848,1.885,1.661,1.928,1.972,1.924,0.115,0.106
3645,1.933,1.993,2.055,1.864,1.84,1.927,1.949,1.012,2.051,2.091,0.952,2.102,2.078,1.93,0.117,0.112,2.064,2.024,2.095,1.909,1.847,1.951,1.94,1.902,2.104,2.091,1.986,2.121,2.065,1.951,0.119,0.114,2.08,2.044,2.088,1.895,1.852,1.799,2.01,1.901,2.059,2.067,2.047,2.108,1.834,1.932,0.119,0.118,2.043,2.011,2.076,1.905,1.825,1.948,2.027,1.718,2.072,2.076,1.657,2.103,2.003,1.961,0.118,0.118,1.902,1.913,1.997,0.338,2.071,1.913,1.909,1.926,1.861,1.893,1.683,1.903,2.065,1.871,0.12,0.113,1.881,1.969,1.847,0.346,2.058,1.964,1.642,1.905,1.845,1.888,1.664,1.93,1.973,1.925,0.115,0.106
3690,1.938,1.992,2.055,1.867,1.842,1.928,1.973,0.984,2.052,2.092,0.956,2.103,2.079,1.93,0.117,0.112,2.064,2.024,2.095,1.91,1.848,1.952,1.939,1.874,2.104,2.091,1.988,2.122,2.065,1.952,0.119,0.114,2.08,2.045,2.089,1.896,1.853,1.8,2.01,1.891,2.059,2.068,2.047,2.108,1.835,1.933,0.119,0.118,2.044,2.012,2.076,1.905,1.825,1.948,2.027,1.772,2.072,2.076,1.663,2.105,2.005,1.962,0.118,0.118,1.906,1.915,1.998,0.346,2.076,1.916,1.909,1.94,1.863,1.895,1.685,1.906,2.064,1.873,0.122,0.113,1.883,1.971,1.849,0.357,2.059,1.965,1.643,1.931,1.826,1.891,1.667,1.932,1.976,1.927,0.115,0.106
3735,1.909,1.99,2.055,1.873,1.839,1.929,1.974,0.936,2.052,2.092,0.961,2.103,2.079,1.932,0.117,0.112,2.064,2.024,2.097,1.911,1.849,1.953,1.94,1.841,2.105,2.092,1.989,2.122,2.066,1.953,0.119,0.114,2.08,2.045,2.089,1.897,1.854,1.802,2.01,1.875,2.059,2.068,2.048,2.109,1.837,1.934,0.119,0.117,2.044,2.013,2.077,1.906,1.827,1.95,2.028,1.839,2.072,2.078,1.66,2.105,2.006,1.964,0.118,0.118,1.909,1.915,1.998,0.359,2.08,1.916,1.909,1.96,1.865,1.899,1.69,1.906,2.066,1.875,0.12,0.112,1.885,1.972,1.851,0.368,2.056,1.966,1.645,1.909,1.795,1.894,1.67,1.934,1.974,1.929,0.115,0.105
3780,1.897,1.987,2.055,1.879,1.843,1.929,1.978,0.893,2.052,2.093,0.963,2.104,2.079,1.933,0.117,0.112,2.065,2.025,2.097,1.911,1.849,1.955,1.942,1.857,2.105,2.093,1.99,2.123,2.068,1.954,0.119,0.114,2.08,2.046,2.09,1.897,1.855,1.803,2.011,1.84,2.06,2.07,2.049,2.109,1.839,1.936,0.119,0.117,2.045,2.014,2.078,1.907,1.827,1.95,2.029,1.864,2.073,2.078,1.671,2.107,2.009,1.964,0.118,0.118,1.911,1.918,2,0.37,2.08,1.916,1.91,1.948,1.867,1.9,1.692,1.908,2.066,1.876,0.121,0.112,1.887,1.974,1.854,0.377,2.056,1.966,1.646,1.9,1.801,1.897,1.673,1.936,1.977,1.93,0.115,0.105
3825,1.846,1.988,2.055,1.884,1.836,1.93,1.984,0.833,2.052,2.094,0.969,2.105,2.08,1.935,0.117,0.112,2.065,2.025,2.098,1.911,1.849,1.956,1.942,1.88,2.105,2.093,1.991,2.123,2.068,1.955,0.119,0.113,2.081,2.046,2.091,1.898,1.856,1.804,2.011,1.799,2.06,2.07,2.049,2.11,1.84,1.937,0.119,0.117,2.045,2.014,2.078,1.907,1.828,1.952,2.029,1.894,2.073,2.079,1.671,2.107,2.008,1.965,0.118,0.118,1.913,1.917,2,0.379,2.081,1.918,1.911,1.945,1.869,1.901,1.695,1.911,2.067,1.877,0.12,0.112,1.889,1.975,1.856,0.387,2.057,1.967,1.646,1.857,1.743,1.899,1.675,1.937,1.977,1.931,0.115,0.104
3870,1.793,1.986,2.055,1.887,1.839,1.931,1.984,0.775,2.052,2.094,0.971,2.105,2.081,1.935,0.117,0.112,2.065,2.026,2.099,1.912,1.851,1.957,1.942,1.912,2.106,2.095,1.994,2.124,2.069,1.956,0.119,0.114,2.081,2.046,2.091,1.899,1.858,1.806,2.012,1.734,2.06,2.071,2.05,2.11,1.843,1.938,0.119,0.117,2.046,2.014,2.078,1.908,1.829,1.953,2.029,1.917,2.073,2.079,1.676,2.108,2.01,1.967,0.118,0.118,1.916,1.919,2.002,0.389,2.081,1.92,1.911,1.923,1.87,1.904,1.697,1.91,2.067,1.879,0.121,0.112,1.891,1.976,1.858,0.401,2.056,1.968,1.648,1.855,1.717,1.901,1.68,1.939,1.978,1.932,0.115,0.104
3915,1.766,1.982,2.054,1.89,1.841,1.933,1.982,0.704,2.053,2.095,0.976,2.106,2.081,1.936,0.117,0.112,2.066,2.026,2.099,1.913,1.851,1.957,1.943,1.935,2.105,2.095,1.993,2.125,2.07,1.957,0.119,0.113,2.081,2.047,2.092,1.9,1.858,1.808,2.013,1.643,2.061,2.071,2.051,2.111,1.844,1.94,0.119,0.117,2.046,2.015,2.079,1.908,1.83,1.954,2.03,1.928,2.074,2.08,1.68,2.109,2.011,1.967,0.118,0.118,1.918,1.92,2.002,0.403,2.081,1.921,1.912,1.917,1.872,1.905,1.701,1.913,2.067,1.881,0.122,0.112,1.893,1.976,1.859,0.422,2.055,1.968,1.648,1.817,1.649,1.902,1.682,1.942,1.976,1.934,0.115,0.104
3960,1.775,1.982,2.054,1.892,1.836,1.933,1.981,0.6,2.053,2.095,0.982,2.106,2.082,1.937,0.117,0.112,2.066,2.027,2.099,1.913,1.852,1.959,1.944,1.944,2.106,2.096,1.995,2.125,2.07,1.958,0.119,0.113,2.081,2.047,2.092,1.9,1.859,1.81,2.013,1.512,2.061,2.072,2.052,2.111,1.845,1.94,0.119,0.117,2.046,2.016,2.08,1.909,1.831,1.955,2.031,1.941,2.074,2.081,1.673,2.109,2.012,1.969,0.118,0.117,1.921,1.924,2.003,0.417,2.08,1.922,1.913,1.895,1.874,1.907,1.701,1.913,2.068,1.881,0.12,0.112,1.896,1.977,1.861,0.433,2.054,1.969,1.648,1.827,1.601,1.906,1.687,1.943,1.978,1.938,0.115,0.103
4005,1.77,1.98,2.054,1.893,1.836,1.934,1.974,0.527,2.053,2.096,0.984,2.107,2.082,1.937,0.117,0.111,2.066,2.026,2.1,1.914,1.853,1.959,1.945,1.955,2.106,2.096,1.996,2.126,2.071,1.959,0.119,0.113,2.082,2.047,2.093,1.9,1.861,1.811,2.014,1.688,2.061,2.073,2.052,2.112,1.847,1.941,0.119,0.117,2.047,2.017,2.081,1.909,1.831,1.956,2.031,1.948,2.074,2.082,1.674,2.11,2.012,1.97,0.118,0.118,1.923,1.923,2.004,0.435,2.08,1.923,1.914,1.892,1.875,1.909,1.704,1.915,2.068,1.883,0.12,0.112,1.899,1.978,1.863,0.453,2.054,1.969,1.65,1.858,1.459,1.908,1.69,1.944,1.979,1.941,0.115,0.103
4050,1.751,1.977,2.054,1.886,1.837,1.935,1.968,0.42,2.053,2.096,0.985,2.107,2.083,1.939,0.117,0.111,2.066,2.027,2.1,1.914,1.853,1.96,1.944,1.956,2.106,2.096,1.996,2.125,2.073,1.96,0.119,0.113,2.081,2.048,2.094,1.901,1.861,1.812,2.014,1.768,2.061,2.074,2.053,2.112,1.848,1.943,0.119,0.117,2.047,2.016,2.081,1.91,1.832,1.957,2.031,1.946,2.074,2.083,1.684,2.111,2.013,1.972,0.118,0.119,1.924,1.923,2.005,0.454,2.079,1.925,1.914,1.848,1.876,1.912,1.709,1.917,2.069,1.884,0.12,0.112,1.9,1.978,1.865,0.474,2.053,1.97,1.651,1.827,1.393,1.911,1.692,1.945,1.979,1.942,0.115,0.102
4095,1.727,1.976,2.054,1.838,1.835,1.935,1.963,0.29,2.053,2.096,0.99,2.108,2.083,1.939,0.117,0.111,2.067,2.028,2.102,1.915,1.854,1.961,1.945,1.957,2.106,2.097,1.996,2.126,2.073,1.96,0.119,0.113,2.082,2.048,2.094,1.902,1.862,1.813,2.015,1.797,2.062,2.074,2.053,2.112,1.849,1.944,0.119,0.117,2.047,2.018,2.082,1.911,1.833,1.958,2.032,1.944,2.075,2.083,1.677,2.111,2.015,1.972,0.118,0.117,1.927,1.925,2.006,0.468,2.079,1.926,1.915,1.849,1.879,1.912,1.71,1.92,2.069,1.885,0.12,0.112,1.901,1.979,1.866,0.494,2.053,1.97,1.652,1.77,1.312,1.914,1.695,1.946,1.98,1.944,0.115,0.102
4140,1.669,1.972,2.053,1.835,1.827,1.936,1.956,0.184,2.054,2.097,0.992,2.108,2.083,1.94,0.117,0.111,2.067,2.028,2.102,1.916,1.855,1.962,1.945,1.952,2.106,2.098,1.997,2.126,2.073,1.961,0.119,0.113,2.082,2.049,2.095,1.902,1.863,1.815,2.015,1.855,2.062,2.075,2.054,2.113,1.851,1.944,0.119,0.116,2.047,2.018,2.082,1.911,1.833,1.959,2.032,1.937,2.074,2.084,1.688,2.112,2.015,1.973,0.118,0.119,1.927,1.925,2.006,0.486,2.079,1.927,1.914,1.82,1.88,1.913,1.714,1.921,2.07,1.887,0.12,0.112,1.903,1.979,1.867,0.518,2.053,1.971,1.653,1.767,1.249,1.917,1.697,1.948,1.979,1.946,0.115,0.101
4185,1.52,1.967,2.053,1.802,1.826,1.936,1.953,0.143,2.054,2.098,0.995,2.108,2.085,1.941,0.117,0.111,2.067,2.028,2.102,1.916,1.856,1.962,1.947,1.949,2.107,2.098,1.996,2.127,2.074,1.962,0.119,0.113,2.082,2.049,2.095,1.903,1.864,1.816,2.016,1.885,2.062,2.075,2.054,2.114,1.852,1.945,0.119,0.116,2.048,2.018,2.083,1.912,1.834,1.959,2.032,1.932,2.074,2.085,1.688,2.112,2.016,1.974,0.118,0.12,1.929,1.927,2.008,0.516,2.078,1.929,1.914,1.79,1.881,1.916,1.717,1.922,2.07,1.888,0.12,0.112,1.904,1.979,1.869,0.544,2.052,1.972,1.654,1.768,1.582,1.918,1.699,1.948,1.981,1.948,0.114,0.101
4230,1.504,1.963,2.053,1.763,1.827,1.937,1.953,0.131,2.054,2.098,1,2.11,2.085,1.942,0.117,0.111,2.067,2.028,2.103,1.916,1.856,1.963,1.946,1.944,2.107,2.099,1.998,2.127,2.075,1.963,0.119,0.113,2.082,2.049,2.096,1.904,1.865,1.818,2.016,1.911,2.062,2.076,2.055,2.114,1.854,1.946,0.119,0.116,2.048,2.019,2.083,1.913,1.835,1.961,2.033,1.925,2.075,2.085,1.692,2.112,2.017,1.975,0.118,0.12,1.931,1.928,2.009,0.548,2.079,1.929,1.915,1.786,1.883,1.919,1.72,1.924,2.071,1.889,0.12,0.111,1.905,1.98,1.871,0.575,2.052,1.972,1.653,1.734,1.59,1.922,1.702,1.95,1.981,1.951,0.114,0.1
4275,1.543,1.955,2.053,1.746,1.821,1.938,1.943,0.128,2.054,2.098,1.005,2.11,2.085,1.942,0.117,0.111,2.068,2.029,2.103,1.917,1.857,1.964,1.947,1.938,2.107,2.099,2,2.128,2.076,1.963,0.119,0.113,2.082,2.049,2.096,1.904,1.866,1.819,2.016,1.917,2.062,2.077,2.055,2.115,1.854,1.947,0.119,0.116,2.048,2.02,2.083,1.913,1.835,1.962,2.033,1.932,2.075,2.086,1.7,2.114,2.018,1.976,0.118,0.121,1.933,1.928,2.01,0.562,2.078,1.931,1.915,1.726,1.884,1.919,1.72,1.923,2.072,1.891,0.12,0.111,1.908,1.981,1.873,0.599,2.052,1.973,1.655,1.698,1.574,1.923,1.704,1.951,1.982,1.954,0.114,0.099
4320,1.563,1.943,2.052,1.65,1.827,1.938,1.94,0.108,2.054,2.098,1.006,2.11,2.085,1.944,0.117,0.11,2.068,2.028,2.104,1.917,1.858,1.965,1.948,1.934,2.107,2.1,2.001,2.128,2.076,1.964,0.119,0.113,2.082,2.05,2.096,1.905,1.867,1.82,2.017,1.931,2.063,2.077,2.054,2.115,1.856,1.948,0.119,0.116,2.049,2.02,2.084,1.914,1.837,1.963,2.034,1.941,2.075,2.086,1.697,2.114,2.018,1.976,0.118,0.12,1.935,1.929,2.011,0.599,2.077,1.932,1.917,1.713,1.886,1.921,1.723,1.925,2.071,1.892,0.12,0.111,1.909,1.98,1.875,0.635,2.054,1.974,1.656,1.664,1.549,1.925,1.706,1.952,1.98,1.955,0.114,0.099
4365,1.584,1.961,2.052,1.685,1.821,1.939,1.935,0.085,2.054,2.099,1.01,2.111,2.086,1.944,0.117,0.11,2.068,2.029,2.104,1.918,1.859,1.966,1.949,1.94,2.107,2.101,2,2.129,2.077,1.965,0.119,0.112,2.083,2.05,2.097,1.905,1.868,1.821,2.017,1.94,2.063,2.078,2.056,2.116,1.858,1.949,0.119,0.116,2.05,2.02,2.085,1.915,1.838,1.964,2.034,1.95,2.075,2.087,1.698,2.115,2.02,1.978,0.118,0.122,1.938,1.93,2.011,0.633,2.078,1.934,1.915,1.721,1.887,1.923,1.725,1.929,2.072,1.894,0.12,0.111,1.91,1.981,1.876,0.668,2.052,1.974,1.657,1.739,1.512,1.926,1.708,1.954,1.984,1.955,0.114,0.098